Ticker,Market,Company,Listing_Year,Listing_Date,Source,Notes
603173,SSE,杭州福斯达深冷装备股份有限公司,2023,2023-01-30,https://vip.stock.finance.sina.com.cn/corp/go.php/vCI_CorpInfo/stockid/603173.phtml,上交所主板
603281,SSE,湖北江瀚新材料股份有限公司,2023,2023-01-31,https://vip.stock.finance.sina.com.cn/corp/go.php/vCI_CorpInfo/stockid/603281.phtml,上交所主板
601059,SSE,信达证券股份有限公司,2023,2023-02-01,https://vip.stock.finance.sina.com.cn/corp/go.php/vCI_CorpInfo/stockid/601059.phtml,上交所主板
603307,SSE,扬州金泉旅游用品股份有限公司,2023,2023-02-16,https://vip.stock.finance.sina.com.cn/corp/go.php/vCI_CorpInfo/stockid/603307.phtml,上交所主板
603190,SSE,烟台亚通精工机械股份有限公司,2023,2023-02-17,https://vip.stock.finance.sina.com.cn/corp/go.php/vCI_CorpInfo/stockid/603190.phtml,上交所主板
603061,SSE,天津金海通半导体设备股份有限公司,2023,2023-03-03,https://vip.stock.finance.sina.com.cn/corp/go.php/vCI_CorpInfo/stockid/603061.phtml,上交所主板
601121,SSE,新疆宝地矿业股份有限公司,2023,2023-03-10,https://vip.stock.finance.sina.com.cn/corp/go.php/vCI_CorpInfo/stockid/601121.phtml,上交所主板
603153,SSE,上海建科咨询集团股份有限公司,2023,2023-03-13,https://vip.stock.finance.sina.com.cn/corp/go.php/vCI_CorpInfo/stockid/603153.phtml,上交所主板
603282,SSE,浙江亚光科技股份有限公司,2023,2023-03-15,https://vip.stock.finance.sina.com.cn/corp/go.php/vCI_CorpInfo/stockid/603282.phtml,上交所主板
603073,SSE,浙江彩蝶实业股份有限公司,2023,2023-03-16,https://vip.stock.finance.sina.com.cn/corp/go.php/vCI_CorpInfo/stockid/603073.phtml,上交所主板
603065,SSE,宿迁联盛科技股份有限公司,2023,2023-03-21,https://vip.stock.finance.sina.com.cn/corp/go.php/vCI_CorpInfo/stockid/603065.phtml,上交所主板
603291,SSE,江苏联合水务科技股份有限公司,2023,2023-03-27,https://vip.stock.finance.sina.com.cn/corp/go.php/vCI_CorpInfo/stockid/603291.phtml,上交所主板
603162,SSE,福建海通发展股份有限公司,2023,2023-03-29,https://vip.stock.finance.sina.com.cn/corp/go.php/vCI_CorpInfo/stockid/603162.phtml,上交所主板
600925,SSE,江苏徐矿能源股份有限公司,2023,2023-03-29,https://vip.stock.finance.sina.com.cn/corp/go.php/vCI_CorpInfo/stockid/600925.phtml,上交所主板
601133,SSE,柏诚系统科技股份有限公司,2023,2023-04-10,https://vip.stock.finance.sina.com.cn/corp/go.php/vCI_CorpInfo/stockid/601133.phtml,上交所主板
601065,SSE,江西省盐业集团股份有限公司,2023,2023-04-10,https://vip.stock.finance.sina.com.cn/corp/go.php/vCI_CorpInfo/stockid/601065.phtml,上交所主板
603125,SSE,江苏常青树新材料科技股份有限公司,2023,2023-04-10,https://vip.stock.finance.sina.com.cn/corp/go.php/vCI_CorpInfo/stockid/603125.phtml,上交所主板
603135,SSE,中重科技(天津)股份有限公司,2023,2023-04-10,https://vip.stock.finance.sina.com.cn/corp/go.php/vCI_CorpInfo/stockid/603135.phtml,上交所主板
601061,SSE,中信金属股份有限公司,2023,2023-04-10,https://vip.stock.finance.sina.com.cn/corp/go.php/vCI_CorpInfo/stockid/601061.phtml,上交所主板
603137,SSE,江苏恒尚节能科技股份有限公司,2023,2023-04-19,https://vip.stock.finance.sina.com.cn/corp/go.php/vCI_CorpInfo/stockid/603137.phtml,上交所主板
603172,SSE,浙江万丰化工股份有限公司,2023,2023-05-10,https://vip.stock.finance.sina.com.cn/corp/go.php/vCI_CorpInfo/stockid/603172.phtml,上交所主板
603119,SSE,浙江荣泰电工器材股份有限公司,2023,2023-08-01,https://vip.stock.finance.sina.com.cn/corp/go.php/vCI_CorpInfo/stockid/603119.phtml,上交所主板
603296,SSE,华勤技术股份有限公司,2023,2023-08-08,https://vip.stock.finance.sina.com.cn/corp/go.php/vCI_CorpInfo/stockid/603296.phtml,上交所主板
603275,SSE,上海众辰电子科技股份有限公司,2023,2023-08-23,https://vip.stock.finance.sina.com.cn/corp/go.php/vCI_CorpInfo/stockid/603275.phtml,上交所主板
603270,SSE,山东金帝精密机械科技股份有限公司,2023,2023-09-01,https://vip.stock.finance.sina.com.cn/corp/go.php/vCI_CorpInfo/stockid/603270.phtml,上交所主板
603075,SSE,杭州热威电热科技股份有限公司,2023,2023-09-11,https://vip.stock.finance.sina.com.cn/corp/go.php/vCI_CorpInfo/stockid/603075.phtml,上交所主板
603276,SSE,江苏恒兴新材料科技股份有限公司,2023,2023-09-25,https://vip.stock.finance.sina.com.cn/corp/go.php/vCI_CorpInfo/stockid/603276.phtml,上交所主板
603193,SSE,润本生物技术股份有限公司,2023,2023-10-17,https://vip.stock.finance.sina.com.cn/corp/go.php/vCI_CorpInfo/stockid/603193.phtml,上交所主板
603273,SSE,江苏天元智能装备股份有限公司,2023,2023-10-23,https://vip.stock.finance.sina.com.cn/corp/go.php/vCI_CorpInfo/stockid/603273.phtml,上交所主板
603107,SSE,上海汽车空调配件股份有限公司,2023,2023-11-01,https://vip.stock.finance.sina.com.cn/corp/go.php/vCI_CorpInfo/stockid/603107.phtml,上交所主板
603062,SSE,麦加芯彩新材料科技(上海)股份有限公司,2023,2023-11-07,https://vip.stock.finance.sina.com.cn/corp/go.php/vCI_CorpInfo/stockid/603062.phtml,上交所主板
601083,SSE,上海锦江航运(集团)股份有限公司,2023,2023-12-05,https://vip.stock.finance.sina.com.cn/corp/go.php/vCI_CorpInfo/stockid/601083.phtml,上交所主板
603231,SSE,宁波索宝蛋白科技股份有限公司,2023,2023-12-15,https://vip.stock.finance.sina.com.cn/corp/go.php/vCI_CorpInfo/stockid/603231.phtml,上交所主板
603373,SSE,安邦护卫集团股份有限公司,2023,2023-12-20,https://vip.stock.finance.sina.com.cn/corp/go.php/vCI_CorpInfo/stockid/603373.phtml,上交所主板
601096,SSE,宏盛华源铁塔集团股份有限公司,2023,2023-12-22,https://vip.stock.finance.sina.com.cn/corp/go.php/vCI_CorpInfo/stockid/601096.phtml,上交所主板
603004,SSE,浙江鼎龙科技股份有限公司,2023,2023-12-27,https://vip.stock.finance.sina.com.cn/corp/go.php/vCI_CorpInfo/stockid/603004.phtml,上交所主板
688506,SSE,四川百利天恒药业股份有限公司,2023,2023-01-06,https://vip.stock.finance.sina.com.cn/corp/go.php/vCI_CorpInfo/stockid/688506.phtml,科创板
688485,SSE,北京九州一轨环境科技股份有限公司,2023,2023-01-18,https://vip.stock.finance.sina.com.cn/corp/go.php/vCI_CorpInfo/stockid/688485.phtml,科创板
688435,SSE,上海英方软件股份有限公司,2023,2023-01-19,https://vip.stock.finance.sina.com.cn/corp/go.php/vCI_CorpInfo/stockid/688435.phtml,科创板
688515,SSE,裕太微电子股份有限公司,2023,2023-02-10,https://vip.stock.finance.sina.com.cn/corp/go.php/vCI_CorpInfo/stockid/688515.phtml,科创板
688307,SSE,嘉兴中润光学科技股份有限公司,2023,2023-02-16,https://vip.stock.finance.sina.com.cn/corp/go.php/vCI_CorpInfo/stockid/688307.phtml,科创板
688486,SSE,龙迅半导体(合肥)股份有限公司,2023,2023-02-21,https://vip.stock.finance.sina.com.cn/corp/go.php/vCI_CorpInfo/stockid/688486.phtml,科创板
688522,SSE,广东纳睿雷达科技股份有限公司,2023,2023-03-01,https://vip.stock.finance.sina.com.cn/corp/go.php/vCI_CorpInfo/stockid/688522.phtml,科创板
688502,SSE,南京茂莱光学科技股份有限公司,2023,2023-03-09,https://vip.stock.finance.sina.com.cn/corp/go.php/vCI_CorpInfo/stockid/688502.phtml,科创板
688531,SSE,日联科技集团股份有限公司,2023,2023-03-31,https://vip.stock.finance.sina.com.cn/corp/go.php/vCI_CorpInfo/stockid/688531.phtml,科创板
688535,SSE,江苏华海诚科新材料股份有限公司,2023,2023-04-04,https://vip.stock.finance.sina.com.cn/corp/go.php/vCI_CorpInfo/stockid/688535.phtml,科创板
688343,SSE,深圳云天励飞技术股份有限公司,2023,2023-04-04,https://vip.stock.finance.sina.com.cn/corp/go.php/vCI_CorpInfo/stockid/688343.phtml,科创板
688484,SSE,上海南芯半导体科技股份有限公司,2023,2023-04-07,https://vip.stock.finance.sina.com.cn/corp/go.php/vCI_CorpInfo/stockid/688484.phtml,科创板
688433,SSE,湖南华曙高科技股份有限公司,2023,2023-04-17,https://vip.stock.finance.sina.com.cn/corp/go.php/vCI_CorpInfo/stockid/688433.phtml,科创板
688539,SSE,南京高华科技股份有限公司,2023,2023-04-18,https://vip.stock.finance.sina.com.cn/corp/go.php/vCI_CorpInfo/stockid/688539.phtml,科创板
688507,SSE,上海索辰信息科技股份有限公司,2023,2023-04-18,https://vip.stock.finance.sina.com.cn/corp/go.php/vCI_CorpInfo/stockid/688507.phtml,科创板
688352,SSE,合肥颀中科技股份有限公司,2023,2023-04-20,https://vip.stock.finance.sina.com.cn/corp/go.php/vCI_CorpInfo/stockid/688352.phtml,科创板
688146,SSE,中船(邯郸)派瑞特种气体股份有限公司,2023,2023-04-21,https://vip.stock.finance.sina.com.cn/corp/go.php/vCI_CorpInfo/stockid/688146.phtml,科创板
688478,SSE,南京晶升装备股份有限公司,2023,2023-04-24,https://vip.stock.finance.sina.com.cn/corp/go.php/vCI_CorpInfo/stockid/688478.phtml,科创板
688249,SSE,合肥晶合集成电路股份有限公司,2023,2023-05-05,https://vip.stock.finance.sina.com.cn/corp/go.php/vCI_CorpInfo/stockid/688249.phtml,科创板
688469,SSE,芯联集成电路制造股份有限公司,2023,2023-05-10,https://vip.stock.finance.sina.com.cn/corp/go.php/vCI_CorpInfo/stockid/688469.phtml,科创板
688479,SSE,用友汽车信息科技(上海)股份有限公司,2023,2023-05-11,https://vip.stock.finance.sina.com.cn/corp/go.php/vCI_CorpInfo/stockid/688479.phtml,科创板
688512,SSE,广州慧智微电子股份有限公司,2023,2023-05-16,https://vip.stock.finance.sina.com.cn/corp/go.php/vCI_CorpInfo/stockid/688512.phtml,科创板
688552,SSE,航天南湖电子信息技术股份有限公司,2023,2023-05-18,https://vip.stock.finance.sina.com.cn/corp/go.php/vCI_CorpInfo/stockid/688552.phtml,科创板
688361,SSE,深圳中科飞测科技股份有限公司,2023,2023-05-19,https://vip.stock.finance.sina.com.cn/corp/go.php/vCI_CorpInfo/stockid/688361.phtml,科创板
688581,SSE,杭州安杰思医学科技股份有限公司,2023,2023-05-19,https://vip.stock.finance.sina.com.cn/corp/go.php/vCI_CorpInfo/stockid/688581.phtml,科创板
688458,SSE,美芯晟科技(北京)股份有限公司,2023,2023-05-22,https://vip.stock.finance.sina.com.cn/corp/go.php/vCI_CorpInfo/stockid/688458.phtml,科创板
688562,SSE,北京神舟航天软件技术股份有限公司,2023,2023-05-24,https://vip.stock.finance.sina.com.cn/corp/go.php/vCI_CorpInfo/stockid/688562.phtml,科创板
688593,SSE,上海新相微电子股份有限公司,2023,2023-06-01,https://vip.stock.finance.sina.com.cn/corp/go.php/vCI_CorpInfo/stockid/688593.phtml,科创板
688523,SSE,湖南航天环宇通信科技股份有限公司,2023,2023-06-02,https://vip.stock.finance.sina.com.cn/corp/go.php/vCI_CorpInfo/stockid/688523.phtml,科创板
688570,SSE,北京天玛智控科技股份有限公司,2023,2023-06-05,https://vip.stock.finance.sina.com.cn/corp/go.php/vCI_CorpInfo/stockid/688570.phtml,科创板
688576,SSE,重庆西山科技股份有限公司,2023,2023-06-06,https://vip.stock.finance.sina.com.cn/corp/go.php/vCI_CorpInfo/stockid/688576.phtml,科创板
688623,SSE,浙江双元科技股份有限公司,2023,2023-06-08,https://vip.stock.finance.sina.com.cn/corp/go.php/vCI_CorpInfo/stockid/688623.phtml,科创板
688472,SSE,阿特斯阳光电力集团股份有限公司,2023,2023-06-09,https://vip.stock.finance.sina.com.cn/corp/go.php/vCI_CorpInfo/stockid/688472.phtml,科创板
688334,SSE,西安高压电器研究院股份有限公司,2023,2023-06-19,https://vip.stock.finance.sina.com.cn/corp/go.php/vCI_CorpInfo/stockid/688334.phtml,科创板
688443,SSE,重庆智翔金泰生物制药股份有限公司,2023,2023-06-20,https://vip.stock.finance.sina.com.cn/corp/go.php/vCI_CorpInfo/stockid/688443.phtml,科创板
688543,SSE,江西国科军工集团股份有限公司,2023,2023-06-21,https://vip.stock.finance.sina.com.cn/corp/go.php/vCI_CorpInfo/stockid/688543.phtml,科创板
688620,SSE,广州安凯微电子股份有限公司,2023,2023-06-27,https://vip.stock.finance.sina.com.cn/corp/go.php/vCI_CorpInfo/stockid/688620.phtml,科创板
688629,SSE,四川华丰科技股份有限公司,2023,2023-06-27,https://vip.stock.finance.sina.com.cn/corp/go.php/vCI_CorpInfo/stockid/688629.phtml,科创板
688631,SSE,南京莱斯信息技术股份有限公司,2023,2023-06-28,https://vip.stock.finance.sina.com.cn/corp/go.php/vCI_CorpInfo/stockid/688631.phtml,科创板
688429,SSE,常州时创能源股份有限公司,2023,2023-06-29,https://vip.stock.finance.sina.com.cn/corp/go.php/vCI_CorpInfo/stockid/688429.phtml,科创板
688582,SSE,安徽芯动联科微系统股份有限公司,2023,2023-06-30,https://vip.stock.finance.sina.com.cn/corp/go.php/vCI_CorpInfo/stockid/688582.phtml,科创板
688603,SSE,上海天承科技股份有限公司,2023,2023-07-10,https://vip.stock.finance.sina.com.cn/corp/go.php/vCI_CorpInfo/stockid/688603.phtml,科创板
688638,SSE,深圳市誉辰智能装备股份有限公司,2023,2023-07-12,https://vip.stock.finance.sina.com.cn/corp/go.php/vCI_CorpInfo/stockid/688638.phtml,科创板
688627,SSE,深圳精智达技术股份有限公司,2023,2023-07-18,https://vip.stock.finance.sina.com.cn/corp/go.php/vCI_CorpInfo/stockid/688627.phtml,科创板
688610,SSE,合肥埃科光电科技股份有限公司,2023,2023-07-19,https://vip.stock.finance.sina.com.cn/corp/go.php/vCI_CorpInfo/stockid/688610.phtml,科创板
688563,SSE,北京航空材料研究院股份有限公司,2023,2023-07-19,https://vip.stock.finance.sina.com.cn/corp/go.php/vCI_CorpInfo/stockid/688563.phtml,科创板
688602,SSE,上海康鹏科技股份有限公司,2023,2023-07-20,https://vip.stock.finance.sina.com.cn/corp/go.php/vCI_CorpInfo/stockid/688602.phtml,科创板
688450,SSE,苏州光格科技股份有限公司,2023,2023-07-24,https://vip.stock.finance.sina.com.cn/corp/go.php/vCI_CorpInfo/stockid/688450.phtml,科创板
688651,SSE,远江盛邦安全科技集团股份有限公司,2023,2023-07-26,https://vip.stock.finance.sina.com.cn/corp/go.php/vCI_CorpInfo/stockid/688651.phtml,科创板
688612,SSE,深圳威迈斯新能源(集团)股份有限公司,2023,2023-07-26,https://vip.stock.finance.sina.com.cn/corp/go.php/vCI_CorpInfo/stockid/688612.phtml,科创板
688646,SSE,武汉逸飞激光股份有限公司,2023,2023-07-28,https://vip.stock.finance.sina.com.cn/corp/go.php/vCI_CorpInfo/stockid/688646.phtml,科创板
688347,SSE,华虹半导体有限公司,2023,2023-08-07,https://vip.stock.finance.sina.com.cn/corp/go.php/vCI_CorpInfo/stockid/688347.phtml,科创板
688671,SSE,碧兴物联科技(深圳)股份有限公司,2023,2023-08-09,https://vip.stock.finance.sina.com.cn/corp/go.php/vCI_CorpInfo/stockid/688671.phtml,科创板
688548,SSE,广州广钢气体能源股份有限公司,2023,2023-08-15,https://vip.stock.finance.sina.com.cn/corp/go.php/vCI_CorpInfo/stockid/688548.phtml,科创板
688592,SSE,上海司南导航技术股份有限公司,2023,2023-08-16,https://vip.stock.finance.sina.com.cn/corp/go.php/vCI_CorpInfo/stockid/688592.phtml,科创板
688573,SSE,深圳市信宇人科技股份有限公司,2023,2023-08-17,https://vip.stock.finance.sina.com.cn/corp/go.php/vCI_CorpInfo/stockid/688573.phtml,科创板
688693,SSE,苏州锴威特半导体股份有限公司,2023,2023-08-18,https://vip.stock.finance.sina.com.cn/corp/go.php/vCI_CorpInfo/stockid/688693.phtml,科创板
688591,SSE,泰凌微电子(上海)股份有限公司,2023,2023-08-25,https://vip.stock.finance.sina.com.cn/corp/go.php/vCI_CorpInfo/stockid/688591.phtml,科创板
688549,SSE,中巨芯科技股份有限公司,2023,2023-09-08,https://vip.stock.finance.sina.com.cn/corp/go.php/vCI_CorpInfo/stockid/688549.phtml,科创板
688702,SSE,苏州盛科通信股份有限公司,2023,2023-09-14,https://vip.stock.finance.sina.com.cn/corp/go.php/vCI_CorpInfo/stockid/688702.phtml,科创板
688716,SSE,吉林省中研高分子材料股份有限公司,2023,2023-09-20,https://vip.stock.finance.sina.com.cn/corp/go.php/vCI_CorpInfo/stockid/688716.phtml,科创板
688719,SSE,西安爱科赛博电气股份有限公司,2023,2023-09-28,https://vip.stock.finance.sina.com.cn/corp/go.php/vCI_CorpInfo/stockid/688719.phtml,科创板
688657,SSE,苏州浩辰软件股份有限公司,2023,2023-10-10,https://vip.stock.finance.sina.com.cn/corp/go.php/vCI_CorpInfo/stockid/688657.phtml,科创板
688648,SSE,中邮科技股份有限公司,2023,2023-11-13,https://vip.stock.finance.sina.com.cn/corp/go.php/vCI_CorpInfo/stockid/688648.phtml,科创板
688653,SSE,格兰康希通信科技(上海)股份有限公司,2023,2023-11-17,https://vip.stock.finance.sina.com.cn/corp/go.php/vCI_CorpInfo/stockid/688653.phtml,科创板
688652,SSE,北京京仪自动化装备技术股份有限公司,2023,2023-11-29,https://vip.stock.finance.sina.com.cn/corp/go.php/vCI_CorpInfo/stockid/688652.phtml,科创板
688720,SSE,江苏艾森半导体材料股份有限公司,2023,2023-12-06,https://vip.stock.finance.sina.com.cn/corp/go.php/vCI_CorpInfo/stockid/688720.phtml,科创板
603325,SSE,上海博隆装备技术股份有限公司,2024,2024-01-10,https://vip.stock.finance.sina.com.cn/corp/go.php/vCI_CorpInfo/stockid/603325.phtml,上交所主板
603312,SSE,苏州西典新能源电气股份有限公司,2024,2024-01-11,https://vip.stock.finance.sina.com.cn/corp/go.php/vCI_CorpInfo/stockid/603312.phtml,上交所主板
601033,SSE,广州环投永兴集团股份有限公司,2024,2024-01-18,https://vip.stock.finance.sina.com.cn/corp/go.php/vCI_CorpInfo/stockid/601033.phtml,上交所主板
603375,SSE,无锡盛景微电子股份有限公司,2024,2024-01-24,https://vip.stock.finance.sina.com.cn/corp/go.php/vCI_CorpInfo/stockid/603375.phtml,上交所主板
603082,SSE,北自所(北京)科技发展股份有限公司,2024,2024-01-30,https://vip.stock.finance.sina.com.cn/corp/go.php/vCI_CorpInfo/stockid/603082.phtml,上交所主板
603341,SSE,上海龙旗科技股份有限公司,2024,2024-03-01,https://vip.stock.finance.sina.com.cn/corp/go.php/vCI_CorpInfo/stockid/603341.phtml,上交所主板
603344,SSE,星德胜科技(苏州)股份有限公司,2024,2024-03-20,https://vip.stock.finance.sina.com.cn/corp/go.php/vCI_CorpInfo/stockid/603344.phtml,上交所主板
603381,SSE,永臻科技股份有限公司,2024,2024-06-26,https://vip.stock.finance.sina.com.cn/corp/go.php/vCI_CorpInfo/stockid/603381.phtml,上交所主板
603350,SSE,安乃达驱动技术(上海)股份有限公司,2024,2024-07-03,https://vip.stock.finance.sina.com.cn/corp/go.php/vCI_CorpInfo/stockid/603350.phtml,上交所主板
603285,SSE,山东键邦新材料股份有限公司,2024,2024-07-05,https://vip.stock.finance.sina.com.cn/corp/go.php/vCI_CorpInfo/stockid/603285.phtml,上交所主板
603391,SSE,浙江力聚热能装备股份有限公司,2024,2024-07-31,https://vip.stock.finance.sina.com.cn/corp/go.php/vCI_CorpInfo/stockid/603391.phtml,上交所主板
603310,SSE,浙江巍华新材料股份有限公司,2024,2024-08-14,https://vip.stock.finance.sina.com.cn/corp/go.php/vCI_CorpInfo/stockid/603310.phtml,上交所主板
603207,SSE,上海小方制药股份有限公司,2024,2024-08-26,https://vip.stock.finance.sina.com.cn/corp/go.php/vCI_CorpInfo/stockid/603207.phtml,上交所主板
603091,SSE,浙江众鑫环保科技集团股份有限公司,2024,2024-09-20,https://vip.stock.finance.sina.com.cn/corp/go.php/vCI_CorpInfo/stockid/603091.phtml,上交所主板
603205,SSE,健尔康医疗科技股份有限公司,2024,2024-11-07,https://vip.stock.finance.sina.com.cn/corp/go.php/vCI_CorpInfo/stockid/603205.phtml,上交所主板
603395,SSE,中盐安徽红四方肥业股份有限公司,2024,2024-11-26,https://vip.stock.finance.sina.com.cn/corp/go.php/vCI_CorpInfo/stockid/603395.phtml,上交所主板
603194,SSE,浙江中力机械股份有限公司,2024,2024-12-24,https://vip.stock.finance.sina.com.cn/corp/go.php/vCI_CorpInfo/stockid/603194.phtml,上交所主板
688717,SSE,浙江艾罗网络能源技术股份有限公司,2024,2024-01-03,https://vip.stock.finance.sina.com.cn/corp/go.php/vCI_CorpInfo/stockid/688717.phtml,科创板
688709,SSE,成都华微电子科技股份有限公司,2024,2024-02-07,https://vip.stock.finance.sina.com.cn/corp/go.php/vCI_CorpInfo/stockid/688709.phtml,科创板
688584,SSE,上海合晶硅材料股份有限公司,2024,2024-02-08,https://vip.stock.finance.sina.com.cn/corp/go.php/vCI_CorpInfo/stockid/688584.phtml,科创板
688695,SSE,山东中创软件商用中间件股份有限公司,2024,2024-03-13,https://vip.stock.finance.sina.com.cn/corp/go.php/vCI_CorpInfo/stockid/688695.phtml,科创板
688691,SSE,灿芯半导体(上海)股份有限公司,2024,2024-04-11,https://vip.stock.finance.sina.com.cn/corp/go.php/vCI_CorpInfo/stockid/688691.phtml,科创板
688530,SSE,广东欧莱高新材料股份有限公司,2024,2024-05-09,https://vip.stock.finance.sina.com.cn/corp/go.php/vCI_CorpInfo/stockid/688530.phtml,科创板
688692,SSE,武汉达梦数据库股份有限公司,2024,2024-06-12,https://vip.stock.finance.sina.com.cn/corp/go.php/vCI_CorpInfo/stockid/688692.phtml,科创板
688721,SSE,深圳市龙图光罩股份有限公司,2024,2024-08-06,https://vip.stock.finance.sina.com.cn/corp/go.php/vCI_CorpInfo/stockid/688721.phtml,科创板
688710,SSE,上海益诺思生物技术股份有限公司,2024,2024-09-03,https://vip.stock.finance.sina.com.cn/corp/go.php/vCI_CorpInfo/stockid/688710.phtml,科创板
688615,SSE,上海合合信息科技股份有限公司,2024,2024-09-26,https://vip.stock.finance.sina.com.cn/corp/go.php/vCI_CorpInfo/stockid/688615.phtml,科创板
688726,SSE,拉普拉斯新能源科技股份有限公司,2024,2024-10-29,https://vip.stock.finance.sina.com.cn/corp/go.php/vCI_CorpInfo/stockid/688726.phtml,科创板
688750,SSE,湖南湘投金天钛业科技股份有限公司,2024,2024-11-20,https://vip.stock.finance.sina.com.cn/corp/go.php/vCI_CorpInfo/stockid/688750.phtml,科创板
688449,SSE,联芸科技(杭州)股份有限公司,2024,2024-11-29,https://vip.stock.finance.sina.com.cn/corp/go.php/vCI_CorpInfo/stockid/688449.phtml,科创板
688708,SSE,成都佳驰电子科技股份有限公司,2024,2024-12-05,https://vip.stock.finance.sina.com.cn/corp/go.php/vCI_CorpInfo/stockid/688708.phtml,科创板
688605,SSE,江苏先锋精密科技股份有限公司,2024,2024-12-12,https://vip.stock.finance.sina.com.cn/corp/go.php/vCI_CorpInfo/stockid/688605.phtml,科创板
603072,SSE,包头天和磁材科技股份有限公司,2025,2025-01-03,https://vip.stock.finance.sina.com.cn/corp/go.php/vCI_CorpInfo/stockid/603072.phtml,上交所主板
603409,SSE,合肥汇通控股股份有限公司,2025,2025-03-04,https://vip.stock.finance.sina.com.cn/corp/go.php/vCI_CorpInfo/stockid/603409.phtml,上交所主板
603271,SSE,永杰新材料股份有限公司,2025,2025-03-11,https://vip.stock.finance.sina.com.cn/corp/go.php/vCI_CorpInfo/stockid/603271.phtml,上交所主板
603124,SSE,江西江南新材料科技股份有限公司,2025,2025-03-20,https://vip.stock.finance.sina.com.cn/corp/go.php/vCI_CorpInfo/stockid/603124.phtml,上交所主板
603257,SSE,中国瑞林工程技术股份有限公司,2025,2025-04-08,https://vip.stock.finance.sina.com.cn/corp/go.php/vCI_CorpInfo/stockid/603257.phtml,上交所主板
603210,SSE,浙江泰鸿万立科技股份有限公司,2025,2025-04-09,https://vip.stock.finance.sina.com.cn/corp/go.php/vCI_CorpInfo/stockid/603210.phtml,上交所主板
603120,SSE,肯特催化材料股份有限公司,2025,2025-04-16,https://vip.stock.finance.sina.com.cn/corp/go.php/vCI_CorpInfo/stockid/603120.phtml,上交所主板
603202,SSE,黑龙江天有为电子股份有限公司,2025,2025-04-24,https://vip.stock.finance.sina.com.cn/corp/go.php/vCI_CorpInfo/stockid/603202.phtml,上交所主板
603014,SSE,山东威高血液净化制品股份有限公司,2025,2025-05-19,https://vip.stock.finance.sina.com.cn/corp/go.php/vCI_CorpInfo/stockid/603014.phtml,上交所主板
603049,SSE,中策橡胶集团股份有限公司,2025,2025-06-05,https://vip.stock.finance.sina.com.cn/corp/go.php/vCI_CorpInfo/stockid/603049.phtml,上交所主板
603382,SSE,海阳科技股份有限公司,2025,2025-06-12,https://vip.stock.finance.sina.com.cn/corp/go.php/vCI_CorpInfo/stockid/603382.phtml,上交所主板
603400,SSE,苏州华之杰电讯股份有限公司,2025,2025-06-20,https://vip.stock.finance.sina.com.cn/corp/go.php/vCI_CorpInfo/stockid/603400.phtml,上交所主板
600930,SSE,华电新能源集团股份有限公司,2025,2025-07-16,https://vip.stock.finance.sina.com.cn/corp/go.php/vCI_CorpInfo/stockid/600930.phtml,上交所主板
603262,SSE,技源集团股份有限公司,2025,2025-07-23,https://vip.stock.finance.sina.com.cn/corp/go.php/vCI_CorpInfo/stockid/603262.phtml,上交所主板
603406,SSE,扬州天富龙集团股份有限公司,2025,2025-08-08,https://vip.stock.finance.sina.com.cn/corp/go.php/vCI_CorpInfo/stockid/603406.phtml,上交所主板
603370,SSE,江阴华新精密科技股份有限公司,2025,2025-09-05,https://vip.stock.finance.sina.com.cn/corp/go.php/vCI_CorpInfo/stockid/603370.phtml,上交所主板
603418,SSE,上海友升铝业股份有限公司,2025,2025-09-23,https://vip.stock.finance.sina.com.cn/corp/go.php/vCI_CorpInfo/stockid/603418.phtml,上交所主板
601026,SSE,道生天合材料科技(上海)股份有限公司,2025,2025-10-17,https://vip.stock.finance.sina.com.cn/corp/go.php/vCI_CorpInfo/stockid/601026.phtml,上交所主板
603175,SSE,超颖电子电路股份有限公司,2025,2025-10-24,https://vip.stock.finance.sina.com.cn/corp/go.php/vCI_CorpInfo/stockid/603175.phtml,上交所主板
603334,SSE,苏州丰倍生物科技股份有限公司,2025,2025-11-05,https://vip.stock.finance.sina.com.cn/corp/go.php/vCI_CorpInfo/stockid/603334.phtml,上交所主板
603376,SSE,大明电子股份有限公司,2025,2025-11-06,https://vip.stock.finance.sina.com.cn/corp/go.php/vCI_CorpInfo/stockid/603376.phtml,上交所主板
603092,SSE,德力佳传动科技(江苏)股份有限公司,2025,2025-11-07,https://vip.stock.finance.sina.com.cn/corp/go.php/vCI_CorpInfo/stockid/603092.phtml,上交所主板
603248,SSE,江苏锡华新能源科技股份有限公司,2025,2025-12-23,https://vip.stock.finance.sina.com.cn/corp/go.php/vCI_CorpInfo/stockid/603248.phtml,上交所主板
688758,SSE,苏州赛分科技股份有限公司,2025,2025-01-10,https://vip.stock.finance.sina.com.cn/corp/go.php/vCI_CorpInfo/stockid/688758.phtml,科创板
688583,SSE,思看科技(杭州)股份有限公司,2025,2025-01-15,https://vip.stock.finance.sina.com.cn/corp/go.php/vCI_CorpInfo/stockid/688583.phtml,科创板
688545,SSE,湖北兴福电子材料股份有限公司,2025,2025-01-22,https://vip.stock.finance.sina.com.cn/corp/go.php/vCI_CorpInfo/stockid/688545.phtml,科创板
688411,SSE,北京海博思创科技股份有限公司,2025,2025-01-27,https://vip.stock.finance.sina.com.cn/corp/go.php/vCI_CorpInfo/stockid/688411.phtml,科创板
688757,SSE,胜科纳米(苏州)股份有限公司,2025,2025-03-25,https://vip.stock.finance.sina.com.cn/corp/go.php/vCI_CorpInfo/stockid/688757.phtml,科创板
688755,SSE,江苏汉邦科技股份有限公司,2025,2025-05-16,https://vip.stock.finance.sina.com.cn/corp/go.php/vCI_CorpInfo/stockid/688755.phtml,科创板
688775,SSE,影石创新科技股份有限公司,2025,2025-06-11,https://vip.stock.finance.sina.com.cn/corp/go.php/vCI_CorpInfo/stockid/688775.phtml,科创板
688729,SSE,北京屹唐半导体科技股份有限公司,2025,2025-07-08,https://vip.stock.finance.sina.com.cn/corp/go.php/vCI_CorpInfo/stockid/688729.phtml,科创板
688783,SSE,西安奕斯伟材料科技股份有限公司,2025,2025-10-28,https://vip.stock.finance.sina.com.cn/corp/go.php/vCI_CorpInfo/stockid/688783.phtml,科创板
688765,SSE,武汉禾元生物科技股份有限公司,2025,2025-10-28,https://vip.stock.finance.sina.com.cn/corp/go.php/vCI_CorpInfo/stockid/688765.phtml,科创板
688759,SSE,广州必贝特医药股份有限公司,2025,2025-10-28,https://vip.stock.finance.sina.com.cn/corp/go.php/vCI_CorpInfo/stockid/688759.phtml,科创板
688727,SSE,厦门恒坤新材料科技股份有限公司,2025,2025-11-18,https://vip.stock.finance.sina.com.cn/corp/go.php/vCI_CorpInfo/stockid/688727.phtml,科创板
688795,SSE,摩尔线程智能科技(北京)股份有限公司,2025,2025-12-05,https://vip.stock.finance.sina.com.cn/corp/go.php/vCI_CorpInfo/stockid/688795.phtml,科创板
688796,SSE,百奥赛图(北京)医药科技股份有限公司,2025,2025-12-10,https://vip.stock.finance.sina.com.cn/corp/go.php/vCI_CorpInfo/stockid/688796.phtml,科创板
688790,SSE,北京昂瑞微电子技术股份有限公司,2025,2025-12-16,https://vip.stock.finance.sina.com.cn/corp/go.php/vCI_CorpInfo/stockid/688790.phtml,科创板
688802,SSE,沐曦集成电路(上海)股份有限公司,2025,2025-12-17,https://vip.stock.finance.sina.com.cn/corp/go.php/vCI_CorpInfo/stockid/688802.phtml,科创板
688807,SSE,厦门优迅芯片股份有限公司,2025,2025-12-19,https://vip.stock.finance.sina.com.cn/corp/go.php/vCI_CorpInfo/stockid/688807.phtml,科创板
688805,SSE,宁波健信超导科技股份有限公司,2025,2025-12-24,https://vip.stock.finance.sina.com.cn/corp/go.php/vCI_CorpInfo/stockid/688805.phtml,科创板
688809,SSE,强一半导体(苏州)股份有限公司,2025,2025-12-30,https://vip.stock.finance.sina.com.cn/corp/go.php/vCI_CorpInfo/stockid/688809.phtml,科创板
301317,SZSE,鑫磊股份,2023,2023-01-19,https://emweb.securities.eastmoney.com/PC_HSF10/CompanySurvey/PageAjax?code=SZ301317,创业板
301260,SZSE,格力博,2023,2023-02-08,https://emweb.securities.eastmoney.com/PC_HSF10/CompanySurvey/PageAjax?code=SZ301260,创业板
301373,SZSE,凌玮科技,2023,2023-02-08,https://emweb.securities.eastmoney.com/PC_HSF10/CompanySurvey/PageAjax?code=SZ301373,创业板
301419,SZSE,阿莱德,2023,2023-02-09,https://emweb.securities.eastmoney.com/PC_HSF10/CompanySurvey/PageAjax?code=SZ301419,创业板
301358,SZSE,湖南裕能,2023,2023-02-09,https://emweb.securities.eastmoney.com/PC_HSF10/CompanySurvey/PageAjax?code=SZ301358,创业板
001314,SZSE,亿道信息,2023,2023-02-14,https://emweb.securities.eastmoney.com/PC_HSF10/CompanySurvey/PageAjax?code=SZ001314,深交所主板
001260,SZSE,坤泰股份,2023,2023-02-16,https://emweb.securities.eastmoney.com/PC_HSF10/CompanySurvey/PageAjax?code=SZ001260,深交所主板
301303,SZSE,真兰仪表,2023,2023-02-20,https://emweb.securities.eastmoney.com/PC_HSF10/CompanySurvey/PageAjax?code=SZ301303,创业板
001225,SZSE,和泰机电,2023,2023-02-22,https://emweb.securities.eastmoney.com/PC_HSF10/CompanySurvey/PageAjax?code=SZ001225,深交所主板
001311,SZSE,多利科技,2023,2023-02-27,https://emweb.securities.eastmoney.com/PC_HSF10/CompanySurvey/PageAjax?code=SZ001311,深交所主板
301408,SZSE,华人健康,2023,2023-03-01,https://emweb.securities.eastmoney.com/PC_HSF10/CompanySurvey/PageAjax?code=SZ301408,创业板
001337,SZSE,四川黄金,2023,2023-03-03,https://emweb.securities.eastmoney.com/PC_HSF10/CompanySurvey/PageAjax?code=SZ001337,深交所主板
301322,SZSE,绿通科技,2023,2023-03-06,https://emweb.securities.eastmoney.com/PC_HSF10/CompanySurvey/PageAjax?code=SZ301322,创业板
001366,SZSE,播恩集团,2023,2023-03-07,https://emweb.securities.eastmoney.com/PC_HSF10/CompanySurvey/PageAjax?code=SZ001366,深交所主板
001278,SZSE,一彬科技,2023,2023-03-08,https://emweb.securities.eastmoney.com/PC_HSF10/CompanySurvey/PageAjax?code=SZ001278,深交所主板
301157,SZSE,华塑科技,2023,2023-03-09,https://emweb.securities.eastmoney.com/PC_HSF10/CompanySurvey/PageAjax?code=SZ301157,创业板
001368,SZSE,通达创智,2023,2023-03-13,https://emweb.securities.eastmoney.com/PC_HSF10/CompanySurvey/PageAjax?code=SZ001368,深交所主板
301439,SZSE,泓淋电力,2023,2023-03-17,https://emweb.securities.eastmoney.com/PC_HSF10/CompanySurvey/PageAjax?code=SZ301439,创业板
301378,SZSE,通达海,2023,2023-03-20,https://emweb.securities.eastmoney.com/PC_HSF10/CompanySurvey/PageAjax?code=SZ301378,创业板
301246,SZSE,宏源药业,2023,2023-03-20,https://emweb.securities.eastmoney.com/PC_HSF10/CompanySurvey/PageAjax?code=SZ301246,创业板
301345,SZSE,涛涛车业,2023,2023-03-21,https://emweb.securities.eastmoney.com/PC_HSF10/CompanySurvey/PageAjax?code=SZ301345,创业板
301314,SZSE,科瑞思,2023,2023-03-28,https://emweb.securities.eastmoney.com/PC_HSF10/CompanySurvey/PageAjax?code=SZ301314,创业板
301386,SZSE,未来电器,2023,2023-03-29,https://emweb.securities.eastmoney.com/PC_HSF10/CompanySurvey/PageAjax?code=SZ301386,创业板
301141,SZSE,中科磁业,2023,2023-04-03,https://emweb.securities.eastmoney.com/PC_HSF10/CompanySurvey/PageAjax?code=SZ301141,创业板
301281,SZSE,科源制药,2023,2023-04-04,https://emweb.securities.eastmoney.com/PC_HSF10/CompanySurvey/PageAjax?code=SZ301281,创业板
301203,SZSE,国泰环保,2023,2023-04-04,https://emweb.securities.eastmoney.com/PC_HSF10/CompanySurvey/PageAjax?code=SZ301203,创业板
001328,SZSE,登康口腔,2023,2023-04-10,https://emweb.securities.eastmoney.com/PC_HSF10/CompanySurvey/PageAjax?code=SZ001328,深交所主板
001367,SZSE,海森药业,2023,2023-04-10,https://emweb.securities.eastmoney.com/PC_HSF10/CompanySurvey/PageAjax?code=SZ001367,深交所主板
001360,SZSE,南矿集团,2023,2023-04-10,https://emweb.securities.eastmoney.com/PC_HSF10/CompanySurvey/PageAjax?code=SZ001360,深交所主板
001287,SZSE,中电港,2023,2023-04-10,https://emweb.securities.eastmoney.com/PC_HSF10/CompanySurvey/PageAjax?code=SZ001287,深交所主板
001286,SZSE,陕西能源,2023,2023-04-10,https://emweb.securities.eastmoney.com/PC_HSF10/CompanySurvey/PageAjax?code=SZ001286,深交所主板
301429,SZSE,森泰股份,2023,2023-04-17,https://emweb.securities.eastmoney.com/PC_HSF10/CompanySurvey/PageAjax?code=SZ301429,创业板
301357,SZSE,北方长龙,2023,2023-04-18,https://emweb.securities.eastmoney.com/PC_HSF10/CompanySurvey/PageAjax?code=SZ301357,创业板
301387,SZSE,光大同创,2023,2023-04-18,https://emweb.securities.eastmoney.com/PC_HSF10/CompanySurvey/PageAjax?code=SZ301387,创业板
301307,SZSE,美利信,2023,2023-04-24,https://emweb.securities.eastmoney.com/PC_HSF10/CompanySurvey/PageAjax?code=SZ301307,创业板
301360,SZSE,荣旗科技,2023,2023-04-25,https://emweb.securities.eastmoney.com/PC_HSF10/CompanySurvey/PageAjax?code=SZ301360,创业板
301293,SZSE,三博脑科,2023,2023-05-05,https://emweb.securities.eastmoney.com/PC_HSF10/CompanySurvey/PageAjax?code=SZ301293,创业板
301390,SZSE,经纬股份,2023,2023-05-08,https://emweb.securities.eastmoney.com/PC_HSF10/CompanySurvey/PageAjax?code=SZ301390,创业板
301325,SZSE,曼恩斯特,2023,2023-05-12,https://emweb.securities.eastmoney.com/PC_HSF10/CompanySurvey/PageAjax?code=SZ301325,创业板
001380,SZSE,华纬科技,2023,2023-05-16,https://emweb.securities.eastmoney.com/PC_HSF10/CompanySurvey/PageAjax?code=SZ001380,深交所主板
301382,SZSE,蜂助手,2023,2023-05-17,https://emweb.securities.eastmoney.com/PC_HSF10/CompanySurvey/PageAjax?code=SZ301382,创业板
301332,SZSE,德尔玛,2023,2023-05-18,https://emweb.securities.eastmoney.com/PC_HSF10/CompanySurvey/PageAjax?code=SZ301332,创业板
301428,SZSE,世纪恒通,2023,2023-05-19,https://emweb.securities.eastmoney.com/PC_HSF10/CompanySurvey/PageAjax?code=SZ301428,创业板
001324,SZSE,长青科技,2023,2023-05-22,https://emweb.securities.eastmoney.com/PC_HSF10/CompanySurvey/PageAjax?code=SZ001324,深交所主板
301305,SZSE,朗坤科技,2023,2023-05-23,https://emweb.securities.eastmoney.com/PC_HSF10/CompanySurvey/PageAjax?code=SZ301305,创业板
301399,SZSE,英特科技,2023,2023-05-23,https://emweb.securities.eastmoney.com/PC_HSF10/CompanySurvey/PageAjax?code=SZ301399,创业板
001282,SZSE,三联锻造,2023,2023-05-24,https://emweb.securities.eastmoney.com/PC_HSF10/CompanySurvey/PageAjax?code=SZ001282,深交所主板
301252,SZSE,同星科技,2023,2023-05-25,https://emweb.securities.eastmoney.com/PC_HSF10/CompanySurvey/PageAjax?code=SZ301252,创业板
301337,SZSE,亚华电子,2023,2023-05-26,https://emweb.securities.eastmoney.com/PC_HSF10/CompanySurvey/PageAjax?code=SZ301337,创业板
301353,SZSE,普莱得,2023,2023-05-30,https://emweb.securities.eastmoney.com/PC_HSF10/CompanySurvey/PageAjax?code=SZ301353,创业板
001373,SZSE,翔腾新材,2023,2023-06-01,https://emweb.securities.eastmoney.com/PC_HSF10/CompanySurvey/PageAjax?code=SZ001373,深交所主板
301310,SZSE,鑫宏业,2023,2023-06-02,https://emweb.securities.eastmoney.com/PC_HSF10/CompanySurvey/PageAjax?code=SZ301310,创业板
301323,SZSE,新莱福,2023,2023-06-06,https://emweb.securities.eastmoney.com/PC_HSF10/CompanySurvey/PageAjax?code=SZ301323,创业板
301383,SZSE,天键股份,2023,2023-06-09,https://emweb.securities.eastmoney.com/PC_HSF10/CompanySurvey/PageAjax?code=SZ301383,创业板
301320,SZSE,豪江智能,2023,2023-06-09,https://emweb.securities.eastmoney.com/PC_HSF10/CompanySurvey/PageAjax?code=SZ301320,创业板
301355,SZSE,南王科技,2023,2023-06-12,https://emweb.securities.eastmoney.com/PC_HSF10/CompanySurvey/PageAjax?code=SZ301355,创业板
301287,SZSE,康力源,2023,2023-06-14,https://emweb.securities.eastmoney.com/PC_HSF10/CompanySurvey/PageAjax?code=SZ301287,创业板
301232,SZSE,飞沃科技,2023,2023-06-15,https://emweb.securities.eastmoney.com/PC_HSF10/CompanySurvey/PageAjax?code=SZ301232,创业板
301225,SZSE,恒勃股份,2023,2023-06-16,https://emweb.securities.eastmoney.com/PC_HSF10/CompanySurvey/PageAjax?code=SZ301225,创业板
301448,SZSE,开创电气,2023,2023-06-19,https://emweb.securities.eastmoney.com/PC_HSF10/CompanySurvey/PageAjax?code=SZ301448,创业板
301262,SZSE,海看股份,2023,2023-06-20,https://emweb.securities.eastmoney.com/PC_HSF10/CompanySurvey/PageAjax?code=SZ301262,创业板
301376,SZSE,致欧科技,2023,2023-06-21,https://emweb.securities.eastmoney.com/PC_HSF10/CompanySurvey/PageAjax?code=SZ301376,创业板
301315,SZSE,威士顿,2023,2023-06-21,https://emweb.securities.eastmoney.com/PC_HSF10/CompanySurvey/PageAjax?code=SZ301315,创业板
301170,SZSE,锡南科技,2023,2023-06-27,https://emweb.securities.eastmoney.com/PC_HSF10/CompanySurvey/PageAjax?code=SZ301170,创业板
300804,SZSE,广康生化,2023,2023-06-27,https://emweb.securities.eastmoney.com/PC_HSF10/CompanySurvey/PageAjax?code=SZ300804,创业板
301295,SZSE,美硕科技,2023,2023-06-28,https://emweb.securities.eastmoney.com/PC_HSF10/CompanySurvey/PageAjax?code=SZ301295,创业板
301397,SZSE,溯联股份,2023,2023-06-28,https://emweb.securities.eastmoney.com/PC_HSF10/CompanySurvey/PageAjax?code=SZ301397,创业板
301210,SZSE,金杨精密,2023,2023-06-30,https://emweb.securities.eastmoney.com/PC_HSF10/CompanySurvey/PageAjax?code=SZ301210,创业板
301291,SZSE,明阳电气,2023,2023-06-30,https://emweb.securities.eastmoney.com/PC_HSF10/CompanySurvey/PageAjax?code=SZ301291,创业板
301395,SZSE,仁信新材,2023,2023-07-03,https://emweb.securities.eastmoney.com/PC_HSF10/CompanySurvey/PageAjax?code=SZ301395,创业板
301488,SZSE,豪恩汽电,2023,2023-07-04,https://emweb.securities.eastmoney.com/PC_HSF10/CompanySurvey/PageAjax?code=SZ301488,创业板
301202,SZSE,朗威股份,2023,2023-07-05,https://emweb.securities.eastmoney.com/PC_HSF10/CompanySurvey/PageAjax?code=SZ301202,创业板
301486,SZSE,致尚科技,2023,2023-07-07,https://emweb.securities.eastmoney.com/PC_HSF10/CompanySurvey/PageAjax?code=SZ301486,创业板
301292,SZSE,海科新源,2023,2023-07-07,https://emweb.securities.eastmoney.com/PC_HSF10/CompanySurvey/PageAjax?code=SZ301292,创业板
301261,SZSE,恒工精密,2023,2023-07-10,https://emweb.securities.eastmoney.com/PC_HSF10/CompanySurvey/PageAjax?code=SZ301261,创业板
301393,SZSE,昊帆生物,2023,2023-07-12,https://emweb.securities.eastmoney.com/PC_HSF10/CompanySurvey/PageAjax?code=SZ301393,创业板
301381,SZSE,赛维时代,2023,2023-07-12,https://emweb.securities.eastmoney.com/PC_HSF10/CompanySurvey/PageAjax?code=SZ301381,创业板
301370,SZSE,国科恒泰,2023,2023-07-12,https://emweb.securities.eastmoney.com/PC_HSF10/CompanySurvey/PageAjax?code=SZ301370,创业板
301272,SZSE,英华特,2023,2023-07-13,https://emweb.securities.eastmoney.com/PC_HSF10/CompanySurvey/PageAjax?code=SZ301272,创业板
301456,SZSE,盘古智能,2023,2023-07-14,https://emweb.securities.eastmoney.com/PC_HSF10/CompanySurvey/PageAjax?code=SZ301456,创业板
301329,SZSE,信音电子,2023,2023-07-17,https://emweb.securities.eastmoney.com/PC_HSF10/CompanySurvey/PageAjax?code=SZ301329,创业板
301503,SZSE,智迪科技,2023,2023-07-17,https://emweb.securities.eastmoney.com/PC_HSF10/CompanySurvey/PageAjax?code=SZ301503,创业板
301505,SZSE,苏州规划,2023,2023-07-19,https://emweb.securities.eastmoney.com/PC_HSF10/CompanySurvey/PageAjax?code=SZ301505,创业板
301512,SZSE,智信精密,2023,2023-07-20,https://emweb.securities.eastmoney.com/PC_HSF10/CompanySurvey/PageAjax?code=SZ301512,创业板
301499,SZSE,维科精密,2023,2023-07-21,https://emweb.securities.eastmoney.com/PC_HSF10/CompanySurvey/PageAjax?code=SZ301499,创业板
301468,SZSE,博盈特焊,2023,2023-07-24,https://emweb.securities.eastmoney.com/PC_HSF10/CompanySurvey/PageAjax?code=SZ301468,创业板
301446,SZSE,福事特,2023,2023-07-25,https://emweb.securities.eastmoney.com/PC_HSF10/CompanySurvey/PageAjax?code=SZ301446,创业板
301515,SZSE,港通医疗,2023,2023-07-25,https://emweb.securities.eastmoney.com/PC_HSF10/CompanySurvey/PageAjax?code=SZ301515,创业板
301172,SZSE,君逸数码,2023,2023-07-26,https://emweb.securities.eastmoney.com/PC_HSF10/CompanySurvey/PageAjax?code=SZ301172,创业板
301519,SZSE,舜禹股份,2023,2023-07-27,https://emweb.securities.eastmoney.com/PC_HSF10/CompanySurvey/PageAjax?code=SZ301519,创业板
301371,SZSE,敷尔佳,2023,2023-08-01,https://emweb.securities.eastmoney.com/PC_HSF10/CompanySurvey/PageAjax?code=SZ301371,创业板
301518,SZSE,长华化学,2023,2023-08-03,https://emweb.securities.eastmoney.com/PC_HSF10/CompanySurvey/PageAjax?code=SZ301518,创业板
301509,SZSE,金凯生科,2023,2023-08-03,https://emweb.securities.eastmoney.com/PC_HSF10/CompanySurvey/PageAjax?code=SZ301509,创业板
301362,SZSE,民爆光电,2023,2023-08-04,https://emweb.securities.eastmoney.com/PC_HSF10/CompanySurvey/PageAjax?code=SZ301362,创业板
301487,SZSE,盟固利,2023,2023-08-09,https://emweb.securities.eastmoney.com/PC_HSF10/CompanySurvey/PageAjax?code=SZ301487,创业板
300904,SZSE,威力传动,2023,2023-08-09,https://emweb.securities.eastmoney.com/PC_HSF10/CompanySurvey/PageAjax?code=SZ300904,创业板
301348,SZSE,蓝箭电子,2023,2023-08-10,https://emweb.securities.eastmoney.com/PC_HSF10/CompanySurvey/PageAjax?code=SZ301348,创业板
301372,SZSE,科净源,2023,2023-08-11,https://emweb.securities.eastmoney.com/PC_HSF10/CompanySurvey/PageAjax?code=SZ301372,创业板
301510,SZSE,固高科技,2023,2023-08-15,https://emweb.securities.eastmoney.com/PC_HSF10/CompanySurvey/PageAjax?code=SZ301510,创业板
301498,SZSE,乖宝宠物,2023,2023-08-16,https://emweb.securities.eastmoney.com/PC_HSF10/CompanySurvey/PageAjax?code=SZ301498,创业板
301511,SZSE,德福科技,2023,2023-08-17,https://emweb.securities.eastmoney.com/PC_HSF10/CompanySurvey/PageAjax?code=SZ301511,创业板
301533,SZSE,威马农机,2023,2023-08-18,https://emweb.securities.eastmoney.com/PC_HSF10/CompanySurvey/PageAjax?code=SZ301533,创业板
301418,SZSE,协昌科技,2023,2023-08-21,https://emweb.securities.eastmoney.com/PC_HSF10/CompanySurvey/PageAjax?code=SZ301418,创业板
301469,SZSE,恒达新材,2023,2023-08-22,https://emweb.securities.eastmoney.com/PC_HSF10/CompanySurvey/PageAjax?code=SZ301469,创业板
301421,SZSE,波长光电,2023,2023-08-23,https://emweb.securities.eastmoney.com/PC_HSF10/CompanySurvey/PageAjax?code=SZ301421,创业板
301528,SZSE,多浦乐,2023,2023-08-28,https://emweb.securities.eastmoney.com/PC_HSF10/CompanySurvey/PageAjax?code=SZ301528,创业板
301525,SZSE,儒竞科技,2023,2023-08-30,https://emweb.securities.eastmoney.com/PC_HSF10/CompanySurvey/PageAjax?code=SZ301525,创业板
301507,SZSE,民生健康,2023,2023-09-05,https://emweb.securities.eastmoney.com/PC_HSF10/CompanySurvey/PageAjax?code=SZ301507,创业板
301251,SZSE,威尔高,2023,2023-09-06,https://emweb.securities.eastmoney.com/PC_HSF10/CompanySurvey/PageAjax?code=SZ301251,创业板
301529,SZSE,福赛科技,2023,2023-09-11,https://emweb.securities.eastmoney.com/PC_HSF10/CompanySurvey/PageAjax?code=SZ301529,创业板
301550,SZSE,斯菱智驱,2023,2023-09-15,https://emweb.securities.eastmoney.com/PC_HSF10/CompanySurvey/PageAjax?code=SZ301550,创业板
301548,SZSE,崇德科技,2023,2023-09-20,https://emweb.securities.eastmoney.com/PC_HSF10/CompanySurvey/PageAjax?code=SZ301548,创业板
301500,SZSE,飞南资源,2023,2023-09-21,https://emweb.securities.eastmoney.com/PC_HSF10/CompanySurvey/PageAjax?code=SZ301500,创业板
301520,SZSE,万邦医药,2023,2023-09-25,https://emweb.securities.eastmoney.com/PC_HSF10/CompanySurvey/PageAjax?code=SZ301520,创业板
301558,SZSE,三态股份,2023,2023-09-28,https://emweb.securities.eastmoney.com/PC_HSF10/CompanySurvey/PageAjax?code=SZ301558,创业板
301559,SZSE,中集环科,2023,2023-10-11,https://emweb.securities.eastmoney.com/PC_HSF10/CompanySurvey/PageAjax?code=SZ301559,创业板
301517,SZSE,陕西华达,2023,2023-10-17,https://emweb.securities.eastmoney.com/PC_HSF10/CompanySurvey/PageAjax?code=SZ301517,创业板
301489,SZSE,思泉新材,2023,2023-10-24,https://emweb.securities.eastmoney.com/PC_HSF10/CompanySurvey/PageAjax?code=SZ301489,创业板
001378,SZSE,德冠新材,2023,2023-10-30,https://emweb.securities.eastmoney.com/PC_HSF10/CompanySurvey/PageAjax?code=SZ001378,深交所主板
301555,SZSE,惠柏新材,2023,2023-10-31,https://emweb.securities.eastmoney.com/PC_HSF10/CompanySurvey/PageAjax?code=SZ301555,创业板
001376,SZSE,百通能源,2023,2023-11-03,https://emweb.securities.eastmoney.com/PC_HSF10/CompanySurvey/PageAjax?code=SZ001376,深交所主板
001326,SZSE,联域股份,2023,2023-11-09,https://emweb.securities.eastmoney.com/PC_HSF10/CompanySurvey/PageAjax?code=SZ001326,深交所主板
001306,SZSE,夏厦精密,2023,2023-11-16,https://emweb.securities.eastmoney.com/PC_HSF10/CompanySurvey/PageAjax?code=SZ001306,深交所主板
301568,SZSE,思泰克,2023,2023-11-28,https://emweb.securities.eastmoney.com/PC_HSF10/CompanySurvey/PageAjax?code=SZ301568,创业板
301508,SZSE,中机认检,2023,2023-12-01,https://emweb.securities.eastmoney.com/PC_HSF10/CompanySurvey/PageAjax?code=SZ301508,创业板
301516,SZSE,中远通,2023,2023-12-08,https://emweb.securities.eastmoney.com/PC_HSF10/CompanySurvey/PageAjax?code=SZ301516,创业板
001239,SZSE,永达股份,2023,2023-12-12,https://emweb.securities.eastmoney.com/PC_HSF10/CompanySurvey/PageAjax?code=SZ001239,深交所主板
301459,SZSE,丰茂股份,2023,2023-12-13,https://emweb.securities.eastmoney.com/PC_HSF10/CompanySurvey/PageAjax?code=SZ301459,创业板
301413,SZSE,安培龙,2023,2023-12-18,https://emweb.securities.eastmoney.com/PC_HSF10/CompanySurvey/PageAjax?code=SZ301413,创业板
001358,SZSE,兴欣新材,2023,2023-12-21,https://emweb.securities.eastmoney.com/PC_HSF10/CompanySurvey/PageAjax?code=SZ001358,深交所主板
301526,SZSE,国际复材,2023,2023-12-26,https://emweb.securities.eastmoney.com/PC_HSF10/CompanySurvey/PageAjax?code=SZ301526,创业板
301578,SZSE,辰奕智能,2023,2023-12-28,https://emweb.securities.eastmoney.com/PC_HSF10/CompanySurvey/PageAjax?code=SZ301578,创业板
301566,SZSE,达利凯普,2023,2023-12-29,https://emweb.securities.eastmoney.com/PC_HSF10/CompanySurvey/PageAjax?code=SZ301566,创业板
001387,SZSE,雪祺电气,2024,2024-01-11,https://emweb.securities.eastmoney.com/PC_HSF10/CompanySurvey/PageAjax?code=SZ001387,深交所主板
301567,SZSE,贝隆精密,2024,2024-01-16,https://emweb.securities.eastmoney.com/PC_HSF10/CompanySurvey/PageAjax?code=SZ301567,创业板
001379,SZSE,腾达科技,2024,2024-01-19,https://emweb.securities.eastmoney.com/PC_HSF10/CompanySurvey/PageAjax?code=SZ001379,深交所主板
301577,SZSE,美信科技,2024,2024-01-24,https://emweb.securities.eastmoney.com/PC_HSF10/CompanySurvey/PageAjax?code=SZ301577,创业板
301502,SZSE,华阳智能,2024,2024-02-02,https://emweb.securities.eastmoney.com/PC_HSF10/CompanySurvey/PageAjax?code=SZ301502,创业板
301589,SZSE,诺瓦星云,2024,2024-02-08,https://emweb.securities.eastmoney.com/PC_HSF10/CompanySurvey/PageAjax?code=SZ301589,创业板
301591,SZSE,肯特股份,2024,2024-02-28,https://emweb.securities.eastmoney.com/PC_HSF10/CompanySurvey/PageAjax?code=SZ301591,创业板
301588,SZSE,美新科技,2024,2024-03-13,https://emweb.securities.eastmoney.com/PC_HSF10/CompanySurvey/PageAjax?code=SZ301588,创业板
301538,SZSE,骏鼎达,2024,2024-03-20,https://emweb.securities.eastmoney.com/PC_HSF10/CompanySurvey/PageAjax?code=SZ301538,创业板
301536,SZSE,星宸科技,2024,2024-03-28,https://emweb.securities.eastmoney.com/PC_HSF10/CompanySurvey/PageAjax?code=SZ301536,创业板
001359,SZSE,平安电工,2024,2024-03-28,https://emweb.securities.eastmoney.com/PC_HSF10/CompanySurvey/PageAjax?code=SZ001359,深交所主板
001389,SZSE,广合科技,2024,2024-04-02,https://emweb.securities.eastmoney.com/PC_HSF10/CompanySurvey/PageAjax?code=SZ001389,深交所主板
301587,SZSE,中瑞股份,2024,2024-04-08,https://emweb.securities.eastmoney.com/PC_HSF10/CompanySurvey/PageAjax?code=SZ301587,创业板
301539,SZSE,宏鑫科技,2024,2024-04-15,https://emweb.securities.eastmoney.com/PC_HSF10/CompanySurvey/PageAjax?code=SZ301539,创业板
301596,SZSE,瑞迪智驱,2024,2024-05-13,https://emweb.securities.eastmoney.com/PC_HSF10/CompanySurvey/PageAjax?code=SZ301596,创业板
301392,SZSE,汇成真空,2024,2024-06-05,https://emweb.securities.eastmoney.com/PC_HSF10/CompanySurvey/PageAjax?code=SZ301392,创业板
300784,SZSE,利安科技,2024,2024-06-07,https://emweb.securities.eastmoney.com/PC_HSF10/CompanySurvey/PageAjax?code=SZ300784,创业板
301565,SZSE,中仑新材,2024,2024-06-20,https://emweb.securities.eastmoney.com/PC_HSF10/CompanySurvey/PageAjax?code=SZ301565,创业板
301580,SZSE,爱迪特,2024,2024-06-26,https://emweb.securities.eastmoney.com/PC_HSF10/CompanySurvey/PageAjax?code=SZ301580,创业板
301603,SZSE,乔锋智能,2024,2024-07-10,https://emweb.securities.eastmoney.com/PC_HSF10/CompanySurvey/PageAjax?code=SZ301603,创业板
301552,SZSE,科力装备,2024,2024-07-22,https://emweb.securities.eastmoney.com/PC_HSF10/CompanySurvey/PageAjax?code=SZ301552,创业板
301606,SZSE,绿联科技,2024,2024-07-26,https://emweb.securities.eastmoney.com/PC_HSF10/CompanySurvey/PageAjax?code=SZ301606,创业板
301608,SZSE,博实结,2024,2024-08-01,https://emweb.securities.eastmoney.com/PC_HSF10/CompanySurvey/PageAjax?code=SZ301608,创业板
301611,SZSE,珂玛科技,2024,2024-08-16,https://emweb.securities.eastmoney.com/PC_HSF10/CompanySurvey/PageAjax?code=SZ301611,创业板
301571,SZSE,国科天成,2024,2024-08-21,https://emweb.securities.eastmoney.com/PC_HSF10/CompanySurvey/PageAjax?code=SZ301571,创业板
301586,SZSE,佳力奇,2024,2024-08-28,https://emweb.securities.eastmoney.com/PC_HSF10/CompanySurvey/PageAjax?code=SZ301586,创业板
001277,SZSE,速达股份,2024,2024-09-03,https://emweb.securities.eastmoney.com/PC_HSF10/CompanySurvey/PageAjax?code=SZ001277,深交所主板
301607,SZSE,富特科技,2024,2024-09-04,https://emweb.securities.eastmoney.com/PC_HSF10/CompanySurvey/PageAjax?code=SZ301607,创业板
301600,SZSE,慧翰股份,2024,2024-09-11,https://emweb.securities.eastmoney.com/PC_HSF10/CompanySurvey/PageAjax?code=SZ301600,创业板
301551,SZSE,无线传媒,2024,2024-09-26,https://emweb.securities.eastmoney.com/PC_HSF10/CompanySurvey/PageAjax?code=SZ301551,创业板
301618,SZSE,长联科技,2024,2024-09-30,https://emweb.securities.eastmoney.com/PC_HSF10/CompanySurvey/PageAjax?code=SZ301618,创业板
001279,SZSE,强邦新材,2024,2024-10-11,https://emweb.securities.eastmoney.com/PC_HSF10/CompanySurvey/PageAjax?code=SZ001279,深交所主板
301522,SZSE,上大股份,2024,2024-10-16,https://emweb.securities.eastmoney.com/PC_HSF10/CompanySurvey/PageAjax?code=SZ301522,创业板
301556,SZSE,托普云农,2024,2024-10-17,https://emweb.securities.eastmoney.com/PC_HSF10/CompanySurvey/PageAjax?code=SZ301556,创业板
301592,SZSE,六九一二,2024,2024-10-24,https://emweb.securities.eastmoney.com/PC_HSF10/CompanySurvey/PageAjax?code=SZ301592,创业板
301626,SZSE,苏州天脉,2024,2024-10-24,https://emweb.securities.eastmoney.com/PC_HSF10/CompanySurvey/PageAjax?code=SZ301626,创业板
301613,SZSE,新铝时代,2024,2024-10-25,https://emweb.securities.eastmoney.com/PC_HSF10/CompanySurvey/PageAjax?code=SZ301613,创业板
301628,SZSE,强达电路,2024,2024-10-31,https://emweb.securities.eastmoney.com/PC_HSF10/CompanySurvey/PageAjax?code=SZ301628,创业板
301633,SZSE,港迪技术,2024,2024-11-07,https://emweb.securities.eastmoney.com/PC_HSF10/CompanySurvey/PageAjax?code=SZ301633,创业板
301631,SZSE,壹连科技,2024,2024-11-22,https://emweb.securities.eastmoney.com/PC_HSF10/CompanySurvey/PageAjax?code=SZ301631,创业板
301622,SZSE,英思特,2024,2024-12-04,https://emweb.securities.eastmoney.com/PC_HSF10/CompanySurvey/PageAjax?code=SZ301622,创业板
301617,SZSE,博苑新材,2024,2024-12-11,https://emweb.securities.eastmoney.com/PC_HSF10/CompanySurvey/PageAjax?code=SZ301617,创业板
301585,SZSE,蓝宇股份,2024,2024-12-20,https://emweb.securities.eastmoney.com/PC_HSF10/CompanySurvey/PageAjax?code=SZ301585,创业板
301598,SZSE,博科测试,2024,2024-12-20,https://emweb.securities.eastmoney.com/PC_HSF10/CompanySurvey/PageAjax?code=SZ301598,创业板
001391,SZSE,国货航,2024,2024-12-30,https://emweb.securities.eastmoney.com/PC_HSF10/CompanySurvey/PageAjax?code=SZ001391,深交所主板
301581,SZSE,黄山谷捷,2025,2025-01-03,https://emweb.securities.eastmoney.com/PC_HSF10/CompanySurvey/PageAjax?code=SZ301581,创业板
301458,SZSE,钧崴电子,2025,2025-01-10,https://emweb.securities.eastmoney.com/PC_HSF10/CompanySurvey/PageAjax?code=SZ301458,创业板
301601,SZSE,惠通科技,2025,2025-01-15,https://emweb.securities.eastmoney.com/PC_HSF10/CompanySurvey/PageAjax?code=SZ301601,创业板
301602,SZSE,超研股份,2025,2025-01-22,https://emweb.securities.eastmoney.com/PC_HSF10/CompanySurvey/PageAjax?code=SZ301602,创业板
001356,SZSE,富岭股份,2025,2025-01-23,https://emweb.securities.eastmoney.com/PC_HSF10/CompanySurvey/PageAjax?code=SZ001356,深交所主板
001395,SZSE,亚联机械,2025,2025-01-27,https://emweb.securities.eastmoney.com/PC_HSF10/CompanySurvey/PageAjax?code=SZ001395,深交所主板
301173,SZSE,毓恬冠佳,2025,2025-03-03,https://emweb.securities.eastmoney.com/PC_HSF10/CompanySurvey/PageAjax?code=SZ301173,创业板
301557,SZSE,常友科技,2025,2025-03-04,https://emweb.securities.eastmoney.com/PC_HSF10/CompanySurvey/PageAjax?code=SZ301557,创业板
301275,SZSE,汉朔科技,2025,2025-03-11,https://emweb.securities.eastmoney.com/PC_HSF10/CompanySurvey/PageAjax?code=SZ301275,创业板
301479,SZSE,弘景光电,2025,2025-03-18,https://emweb.securities.eastmoney.com/PC_HSF10/CompanySurvey/PageAjax?code=SZ301479,创业板
301501,SZSE,恒鑫生活,2025,2025-03-19,https://emweb.securities.eastmoney.com/PC_HSF10/CompanySurvey/PageAjax?code=SZ301501,创业板
001382,SZSE,新亚电缆,2025,2025-03-21,https://emweb.securities.eastmoney.com/PC_HSF10/CompanySurvey/PageAjax?code=SZ001382,深交所主板
301629,SZSE,矽电股份,2025,2025-03-24,https://emweb.securities.eastmoney.com/PC_HSF10/CompanySurvey/PageAjax?code=SZ301629,创业板
301535,SZSE,浙江华远,2025,2025-03-27,https://emweb.securities.eastmoney.com/PC_HSF10/CompanySurvey/PageAjax?code=SZ301535,创业板
301616,SZSE,浙江华业,2025,2025-03-27,https://emweb.securities.eastmoney.com/PC_HSF10/CompanySurvey/PageAjax?code=SZ301616,创业板
301658,SZSE,首航新能,2025,2025-04-02,https://emweb.securities.eastmoney.com/PC_HSF10/CompanySurvey/PageAjax?code=SZ301658,创业板
301665,SZSE,泰禾股份,2025,2025-04-11,https://emweb.securities.eastmoney.com/PC_HSF10/CompanySurvey/PageAjax?code=SZ301665,创业板
001335,SZSE,信凯科技,2025,2025-04-15,https://emweb.securities.eastmoney.com/PC_HSF10/CompanySurvey/PageAjax?code=SZ001335,深交所主板
301662,SZSE,宏工科技,2025,2025-04-17,https://emweb.securities.eastmoney.com/PC_HSF10/CompanySurvey/PageAjax?code=SZ301662,创业板
001400,SZSE,江顺科技,2025,2025-04-24,https://emweb.securities.eastmoney.com/PC_HSF10/CompanySurvey/PageAjax?code=SZ001400,深交所主板
301560,SZSE,众捷汽车,2025,2025-04-25,https://emweb.securities.eastmoney.com/PC_HSF10/CompanySurvey/PageAjax?code=SZ301560,创业板
301636,SZSE,泽润新能,2025,2025-05-16,https://emweb.securities.eastmoney.com/PC_HSF10/CompanySurvey/PageAjax?code=SZ301636,创业板
301595,SZSE,太力科技,2025,2025-05-19,https://emweb.securities.eastmoney.com/PC_HSF10/CompanySurvey/PageAjax?code=SZ301595,创业板
001390,SZSE,古麒绒材,2025,2025-05-29,https://emweb.securities.eastmoney.com/PC_HSF10/CompanySurvey/PageAjax?code=SZ001390,深交所主板
301590,SZSE,优优绿能,2025,2025-06-05,https://emweb.securities.eastmoney.com/PC_HSF10/CompanySurvey/PageAjax?code=SZ301590,创业板
301678,SZSE,新恒汇,2025,2025-06-20,https://emweb.securities.eastmoney.com/PC_HSF10/CompanySurvey/PageAjax?code=SZ301678,创业板
001388,SZSE,信通电子,2025,2025-07-01,https://emweb.securities.eastmoney.com/PC_HSF10/CompanySurvey/PageAjax?code=SZ001388,深交所主板
301630,SZSE,同宇新材,2025,2025-07-10,https://emweb.securities.eastmoney.com/PC_HSF10/CompanySurvey/PageAjax?code=SZ301630,创业板
301609,SZSE,山大电力,2025,2025-07-23,https://emweb.securities.eastmoney.com/PC_HSF10/CompanySurvey/PageAjax?code=SZ301609,创业板
001221,SZSE,悍高集团,2025,2025-07-30,https://emweb.securities.eastmoney.com/PC_HSF10/CompanySurvey/PageAjax?code=SZ001221,深交所主板
301491,SZSE,汉桑科技,2025,2025-08-06,https://emweb.securities.eastmoney.com/PC_HSF10/CompanySurvey/PageAjax?code=SZ301491,创业板
301632,SZSE,广东建科,2025,2025-08-12,https://emweb.securities.eastmoney.com/PC_HSF10/CompanySurvey/PageAjax?code=SZ301632,创业板
301575,SZSE,艾芬达,2025,2025-09-10,https://emweb.securities.eastmoney.com/PC_HSF10/CompanySurvey/PageAjax?code=SZ301575,创业板
301656,SZSE,联合动力,2025,2025-09-25,https://emweb.securities.eastmoney.com/PC_HSF10/CompanySurvey/PageAjax?code=SZ301656,创业板
301584,SZSE,建发致新,2025,2025-09-25,https://emweb.securities.eastmoney.com/PC_HSF10/CompanySurvey/PageAjax?code=SZ301584,创业板
301668,SZSE,昊创瑞通,2025,2025-09-26,https://emweb.securities.eastmoney.com/PC_HSF10/CompanySurvey/PageAjax?code=SZ301668,创业板
001285,SZSE,瑞立科密,2025,2025-09-30,https://emweb.securities.eastmoney.com/PC_HSF10/CompanySurvey/PageAjax?code=SZ001285,深交所主板
301563,SZSE,云汉芯城,2025,2025-09-30,https://emweb.securities.eastmoney.com/PC_HSF10/CompanySurvey/PageAjax?code=SZ301563,创业板
001386,SZSE,马可波罗,2025,2025-10-22,https://emweb.securities.eastmoney.com/PC_HSF10/CompanySurvey/PageAjax?code=SZ001386,深交所主板
301638,SZSE,南网数字,2025,2025-11-18,https://emweb.securities.eastmoney.com/PC_HSF10/CompanySurvey/PageAjax?code=SZ301638,创业板
001233,SZSE,海安集团,2025,2025-11-25,https://emweb.securities.eastmoney.com/PC_HSF10/CompanySurvey/PageAjax?code=SZ001233,深交所主板
001280,SZSE,中国铀业,2025,2025-12-03,https://emweb.securities.eastmoney.com/PC_HSF10/CompanySurvey/PageAjax?code=SZ001280,深交所主板
001325,SZSE,元创股份,2025,2025-12-18,https://emweb.securities.eastmoney.com/PC_HSF10/CompanySurvey/PageAjax?code=SZ001325,深交所主板
301667,SZSE,纳百川,2025,2025-12-23,https://emweb.securities.eastmoney.com/PC_HSF10/CompanySurvey/PageAjax?code=SZ301667,创业板
301449,SZSE,天溯计量,2025,2025-12-23,https://emweb.securities.eastmoney.com/PC_HSF10/CompanySurvey/PageAjax?code=SZ301449,创业板
001369,SZSE,双欣材料,2025,2025-12-30,https://emweb.securities.eastmoney.com/PC_HSF10/CompanySurvey/PageAjax?code=SZ001369,深交所主板
001396,SZSE,誉帆科技,2025,2025-12-30,https://emweb.securities.eastmoney.com/PC_HSF10/CompanySurvey/PageAjax?code=SZ001396,深交所主板
301687,SZSE,新广益,2025,2025-12-31,https://emweb.securities.eastmoney.com/PC_HSF10/CompanySurvey/PageAjax?code=SZ301687,创业板
02469,HKEX,粉笔有限公司,2023,2023-01-09,https://www1.hkexnews.hk/listedco/listconews/sehk/2023/0106/2023010600010.htm,港股主板
02402,HKEX,亿华通,2023,2023-01-12,https://www1.hkexnews.hk/listedco/listconews/sehk/2023/0111/2023011100006.htm,港股主板
02147,HKEX,正味集团控股有限公司,2023,2023-01-13,https://www1.hkexnews.hk/listedco/listconews/sehk/2023/0112/2023011200014.htm,港股主板
02411,HKEX,百果园集团股份有限公司,2023,2023-01-16,https://www1.hkexnews.hk/listedco/listconews/sehk/2023/0113/2023011300018.htm,港股主板
02458,HKEX,望尘科技有限公司,2023,2023-01-16,https://www1.hkexnews.hk/listedco/listconews/sehk/2023/0113/2023011300078.htm,港股主板
02373,HKEX,美丽田园医疗健康产业有限公司,2023,2023-01-16,https://www1.hkexnews.hk/listedco/listconews/sehk/2023/0113/2023011300032.htm,港股主板
02459,HKEX,昇能集团有限公司,2023,2023-01-17,https://www1.hkexnews.hk/listedco/listconews/sehk/2023/0116/2023011600008.htm,港股主板
02455,HKEX,润华服务有限公司,2023,2023-01-17,https://www1.hkexnews.hk/listedco/listconews/sehk/2023/0116/2023011600024.htm,港股主板
02306,HKEX,乐华娱乐集团,2023,2023-01-19,https://www1.hkexnews.hk/listedco/listconews/sehk/2023/0118/2023011800042.htm,港股主板
02450,HKEX,淮北绿金产业投资股份有限公司,2023,2023-01-20,https://www1.hkexnews.hk/listedco/listconews/sehk/2023/0119/2023011900018.htm,港股主板
02482,HKEX,维天运通物流科技股份有限公司,2023,2023-03-09,https://www1.hkexnews.hk/listedco/listconews/sehk/2023/0227/2023022700003.pdf,港股主板
09636,HKEX,九方财富控股有限公司,2023,2023-03-10,https://www1.hkexnews.hk/listedco/listconews/sehk/2023/0228/2023022800003.pdf,港股主板
01405,HKEX,达势股份有限公司,2023,2023-03-28,https://www1.hkexnews.hk/listedco/listconews/sehk/2023/0316/2023031600001.pdf,港股主板
02409,HKEX,洲际船务集团控股有限公司,2023,2023-03-29,https://www1.hkexnews.hk/listedco/listconews/sehk/2023/0314/2023031400003.pdf,港股主板
02433,HKEX,中天湖南集团有限公司,2023,2023-03-30,https://www1.hkexnews.hk/listedco/listconews/sehk/2023/0320/2023032000001.pdf,港股主板
02405,HKEX,力盟科技集团有限公司,2023,2023-03-31,https://www1.hkexnews.hk/listedco/listconews/sehk/2023/0321/2023032100001.pdf,港股主板
02439,HKEX,中宝新材集团有限公司,2023,2023-03-31,https://www1.hkexnews.hk/listedco/listconews/sehk/2023/0321/2023032100013.pdf,港股主板
09669,HKEX,北森控股有限公司,2023,2023-04-13,https://www1.hkexnews.hk/listedco/listconews/sehk/2023/0330/2023033000149.pdf,港股主板
06979,HKEX,珍酒李渡集团有限公司,2023,2023-04-27,https://www1.hkexnews.hk/listedco/listconews/sehk/2023/0417/2023041700005.pdf,港股主板
02480,HKEX,绿竹生物制药股份有限公司,2023,2023-05-08,https://www1.hkexnews.hk/listedco/listconews/sehk/2023/0425/2023042500037.pdf,港股主板
02416,HKEX,易点云有限公司,2023,2023-05-25,https://www1.hkexnews.hk/listedco/listconews/sehk/2023/0515/2023051500003.pdf,港股主板
09930,HKEX,宏信建设发展有限公司,2023,2023-05-25,https://www1.hkexnews.hk/listedco/listconews/sehk/2023/0512/2023051200003.pdf,港股主板
09885,HKEX,药师帮股份有限公司,2023,2023-06-28,https://www1.hkexnews.hk/listedco/listconews/sehk/2023/0615/2023061500009.pdf,港股主板
02105,HKEX,来凯医药有限公司,2023,2023-06-29,https://www1.hkexnews.hk/listedco/listconews/sehk/2023/0616/2023061600007.pdf,港股主板
09860,HKEX,艾迪康控股有限公司,2023,2023-06-30,https://www1.hkexnews.hk/listedco/listconews/sehk/2023/0619/2023061900003.pdf,港股主板
02481,HKEX,慧居科技股份有限公司,2023,2023-07-10,https://www1.hkexnews.hk/listedco/listconews/sehk/2023/0628/2023062800027.pdf,港股主板
06990,HKEX,科伦博泰生物医药股份有限公司,2023,2023-07-11,https://www1.hkexnews.hk/listedco/listconews/sehk/2023/0629/2023062900021.pdf,港股主板
03650,HKEX,Keep Inc.,2023,2023-07-12,https://www1.hkexnews.hk/listedco/listconews/sehk/2023/0630/2023063000041.pdf,港股主板
06683,HKEX,巨星传奇集团有限公司,2023,2023-07-13,https://www1.hkexnews.hk/listedco/listconews/sehk/2023/0630/2023063000015.pdf,港股主板
01284,HKEX,新传企划有限公司,2023,2023-07-17,https://www1.hkexnews.hk/listedco/listconews/sehk/2023/0630/2023063000023.pdf,港股主板
02271,HKEX,众安智慧生活服务有限公司,2023,2023-07-18,https://www1.hkexnews.hk/listedco/listconews/sehk/2023/0630/2023063000031.pdf,港股主板
01541,HKEX,宜明昂科生物医药技术有限公司,2023,2023-09-05,https://www1.hkexnews.hk/listedco/listconews/sehk/2023/0824/2023082400013.pdf,港股主板
02490,HKEX,乐舱物流股份有限公司,2023,2023-09-26,https://www1.hkexnews.hk/listedco/listconews/sehk/2023/0913/2023091300009.pdf,港股主板
09690,HKEX,途虎养车股份有限公司,2023,2023-09-26,https://www1.hkexnews.hk/listedco/listconews/sehk/2023/0914/2023091400007.pdf,港股主板
09686,HKEX,东软熙康控股有限公司,2023,2023-09-28,https://www1.hkexnews.hk/listedco/listconews/sehk/2023/0918/2023091800013.pdf,港股主板
09890,HKEX,中旭未来股份有限公司,2023,2023-09-28,https://www1.hkexnews.hk/listedco/listconews/sehk/2023/0918/2023091800007.pdf,港股主板
06682,HKEX,第四范式股份有限公司,2023,2023-09-28,https://www1.hkexnews.hk/listedco/listconews/sehk/2023/0918/2023091800003.pdf,港股主板
01973,HKEX,天图投资集团有限公司,2023,2023-10-06,https://www1.hkexnews.hk/listedco/listconews/sehk/2023/0925/2023092500005.pdf,港股主板
09676,HKEX,十月稻田集团股份有限公司,2023,2023-10-12,https://www1.hkexnews.hk/listedco/listconews/sehk/2023/0928/2023092800005.pdf,港股主板
02451,HKEX,绿源集团控股有限公司,2023,2023-10-12,https://www1.hkexnews.hk/listedco/listconews/sehk/2023/0928/2023092800007.pdf,港股主板
02501,HKEX,迈越科技股份有限公司,2023,2023-10-11,https://www1.hkexnews.hk/listedco/listconews/sehk/2023/0928/2023092800021.pdf,港股主板
01519,HKEX,极兔速递环球有限公司,2023,2023-10-27,https://www1.hkexnews.hk/listedco/listconews/sehk/2023/1016/2023101600003.pdf,港股主板
02517,HKEX,锅圈食品股份有限公司,2023,2023-11-02,https://www1.hkexnews.hk/listedco/listconews/sehk/2023/1020/2023102000005.pdf,港股主板
02429,HKEX,友宝在线科技控股有限公司,2023,2023-11-03,https://www1.hkexnews.hk/listedco/listconews/sehk/2023/1024/2023102400005.pdf,港股主板
02473,HKEX,喜相逢集团控股有限公司,2023,2023-11-09,https://www1.hkexnews.hk/listedco/listconews/sehk/2023/1030/2023103000009.pdf,港股主板
01111,HKEX,华视集团控股有限公司,2023,2023-11-10,https://www1.hkexnews.hk/listedco/listconews/sehk/2023/1031/2023103100013.pdf,港股主板
02499,HKEX,佛朗斯股份有限公司,2023,2023-11-10,https://www1.hkexnews.hk/listedco/listconews/sehk/2023/1031/2023103100009.pdf,港股主板
02268,HKEX,药明合联生物技术有限公司,2023,2023-11-17,https://www1.hkexnews.hk/listedco/listconews/sehk/2023/1107/2023110700011.pdf,港股主板
02520,HKEX,山西省安装集团股份有限公司,2023,2023-11-22,https://www1.hkexnews.hk/listedco/listconews/sehk/2023/1110/2023111000015.pdf,港股主板
09663,HKEX,国鸿氢能科技股份有限公司,2023,2023-12-05,https://www1.hkexnews.hk/listedco/listconews/sehk/2023/1127/2023112700003.pdf,港股主板
02419,HKEX,四川德康农牧食品集团股份有限公司,2023,2023-12-06,https://www1.hkexnews.hk/listedco/listconews/sehk/2023/1127/2023112700005.pdf,港股主板
02521,HKEX,升辉清洁集团控股有限公司,2023,2023-12-05,https://www1.hkexnews.hk/listedco/listconews/sehk/2023/1127/2023112700084.pdf,港股主板
01497,HKEX,燕之屋股份有限公司,2023,2023-12-12,https://www1.hkexnews.hk/listedco/listconews/sehk/2023/1130/2023113000047.pdf,港股主板
02516,HKEX,泛远国际控股集团有限公司,2023,2023-12-22,https://www1.hkexnews.hk/listedco/listconews/sehk/2023/1212/2023121200027.pdf,港股主板
01274,HKEX,知行汽车科技股份有限公司,2023,2023-12-20,https://www1.hkexnews.hk/listedco/listconews/sehk/2023/1212/2023121200009.pdf,港股主板
02502,HKEX,河南金源氢化化工股份有限公司,2023,2023-12-20,https://www1.hkexnews.hk/listedco/listconews/sehk/2023/1212/2023121200007.pdf,港股主板
00666,HKEX,瑞浦兰钧能源股份有限公司,2023,2023-12-18,https://www1.hkexnews.hk/listedco/listconews/sehk/2023/1208/2023120800003.pdf,港股主板
06911,HKEX,澜沧古茶股份有限公司,2023,2023-12-22,https://www1.hkexnews.hk/listedco/listconews/sehk/2023/1214/2023121400007.pdf,港股主板
09880,HKEX,优必选科技股份有限公司,2023,2023-12-29,https://www1.hkexnews.hk/listedco/listconews/sehk/2023/1219/2023121900003.pdf,港股主板
02498,HKEX,速腾聚创科技有限公司,2024,2024-01-05,https://www1.hkexnews.hk/listedco/listconews/sehk/2023/1227/2023122700007.pdf,港股主板
02503,HKEX,中深建业控股有限公司,2024,2024-01-09,https://www1.hkexnews.hk/listedco/listconews/sehk/2023/1228/2023122800039.pdf,港股主板
06959,HKEX,长久股份有限公司,2024,2024-01-09,https://www1.hkexnews.hk/listedco/listconews/sehk/2023/1229/2023122900015.pdf,港股主板
02453,HKEX,美中嘉和医学技术发展集团股份有限公司,2024,2024-01-09,https://www1.hkexnews.hk/listedco/listconews/sehk/2023/1229/2023122900013.pdf,港股主板
02477,HKEX,经纬天地控股有限公司,2024,2024-01-12,https://www1.hkexnews.hk/listedco/listconews/sehk/2023/1228/2023122800009.pdf,港股主板
02540,HKEX,乐思集团有限公司,2024,2024-03-08,https://www1.hkexnews.hk/listedco/listconews/sehk/2024/0229/2024022900166.pdf,港股主板
02509,HKEX,江苏荃信生物医药股份有限公司,2024,2024-03-20,https://www1.hkexnews.hk/listedco/listconews/sehk/2024/0312/2024031200003.pdf,港股主板
09879,HKEX,米高集团控股有限公司,2024,2024-03-21,https://www1.hkexnews.hk/listedco/listconews/sehk/2024/0313/2024031300007.pdf,港股主板
02497,HKEX,富景中国控股有限公司,2024,2024-03-28,https://www1.hkexnews.hk/listedco/listconews/sehk/2024/0320/2024032000089.pdf,港股主板
02598,HKEX,连连数字科技股份有限公司,2024,2024-03-28,https://www1.hkexnews.hk/listedco/listconews/sehk/2024/0320/2024032000009.pdf,港股主板
02555,HKEX,四川百茶百道实业股份有限公司,2024,2024-04-23,https://www1.hkexnews.hk/listedco/listconews/sehk/2024/0415/2024041500007.pdf,港股主板
02515,HKEX,天津建发集团控股有限公司,2024,2024-04-23,https://www1.hkexnews.hk/listedco/listconews/sehk/2024/0415/2024041500005.pdf,港股主板
02438,HKEX,出门问问有限公司,2024,2024-04-24,https://www1.hkexnews.hk/listedco/listconews/sehk/2024/0416/2024041600011.pdf,港股主板
02556,HKEX,迈富时管理有限公司,2024,2024-05-16,https://www1.hkexnews.hk/listedco/listconews/sehk/2024/0507/2024050700007.pdf,港股主板
02529,HKEX,泓盈城市运营服务集团股份有限公司,2024,2024-05-17,https://www1.hkexnews.hk/listedco/listconews/sehk/2024/0508/2024050800011.pdf,港股主板
00917,HKEX,趣致集团有限公司,2024,2024-05-27,https://www1.hkexnews.hk/listedco/listconews/sehk/2024/0517/2024051700003.pdf,港股主板
02443,HKEX,汽车街发展有限公司,2024,2024-05-31,https://www1.hkexnews.hk/listedco/listconews/sehk/2024/0523/2024052300007.pdf,港股主板
02522,HKEX,江西一脉阳光集团股份有限公司,2024,2024-06-07,https://www1.hkexnews.hk/listedco/listconews/sehk/2024/0530/2024053000017.pdf,港股主板
02550,HKEX,宜搜科技有限公司,2024,2024-06-07,https://www1.hkexnews.hk/listedco/listconews/sehk/2024/0530/2024053000005.pdf,港股主板
02228,HKEX,晶泰控股有限公司,2024,2024-06-13,https://www1.hkexnews.hk/listedco/listconews/sehk/2024/0604/2024060400059.pdf,港股主板
02512,HKEX,云工场科技控股有限公司,2024,2024-06-14,https://www1.hkexnews.hk/listedco/listconews/sehk/2024/0605/2024060500005.pdf,港股主板
02881,HKEX,武汉有机控股有限公司,2024,2024-06-18,https://www1.hkexnews.hk/listedco/listconews/sehk/2024/0607/2024060700011.pdf,港股主板
06181,HKEX,老铺黄金股份有限公司,2024,2024-06-28,https://www1.hkexnews.hk/listedco/listconews/sehk/2024/0620/2024062000005.pdf,港股主板
02479,HKEX,天聚地合(苏州)数据股份有限公司,2024,2024-06-28,https://www1.hkexnews.hk/listedco/listconews/sehk/2024/0620/2024062000187.pdf,港股主板
02559,HKEX,嘀嗒出行股份有限公司,2024,2024-06-28,https://www1.hkexnews.hk/listedco/listconews/sehk/2024/0620/2024062000007.pdf,港股主板
02545,HKEX,中赣通信集团(控股)有限公司,2024,2024-07-03,https://www1.hkexnews.hk/listedco/listconews/sehk/2024/0621/2024062100095.pdf,港股主板
06657,HKEX,百望股份有限公司,2024,2024-07-09,https://www1.hkexnews.hk/listedco/listconews/sehk/2024/0628/2024062800019.pdf,港股主板
06086,HKEX,方舟云康控股有限公司,2024,2024-07-09,https://www1.hkexnews.hk/listedco/listconews/sehk/2024/0628/2024062800011.pdf,港股主板
02495,HKEX,上海声通信息科技股份有限公司,2024,2024-07-10,https://www1.hkexnews.hk/listedco/listconews/sehk/2024/0628/2024062800063.pdf,港股主板
09680,HKEX,如祺出行科技有限公司,2024,2024-07-10,https://www1.hkexnews.hk/listedco/listconews/sehk/2024/0628/2024062800015.pdf,港股主板
01334,HKEX,瑞昌国际控股有限公司,2024,2024-07-10,https://www1.hkexnews.hk/listedco/listconews/sehk/2024/0628/2024062800073.pdf,港股主板
02531,HKEX,广联科技控股有限公司,2024,2024-07-15,https://www1.hkexnews.hk/listedco/listconews/sehk/2024/0628/2024062800017.pdf,港股主板
01471,HKEX,众淼控股(山东)有限公司,2024,2024-08-06,https://www1.hkexnews.hk/listedco/listconews/sehk/2024/0729/2024072900007.pdf,港股主板
02533,HKEX,黑芝麻智能股份有限公司,2024,2024-08-08,https://www1.hkexnews.hk/listedco/listconews/sehk/2024/0731/2024073100011.pdf,港股主板
02410,HKEX,同源康医药股份有限公司,2024,2024-08-20,https://www1.hkexnews.hk/listedco/listconews/sehk/2024/0812/2024081200003.pdf,港股主板
00300,HKEX,美的集团股份有限公司,2024,2024-09-17,https://www1.hkexnews.hk/listedco/listconews/sehk/2024/0909/2024090900003.pdf,港股主板(A+H)
02549,HKEX,卡罗特有限公司,2024,2024-10-02,https://www1.hkexnews.hk/listedco/listconews/sehk/2024/0923/2024092300007.pdf,港股主板
02576,HKEX,太美医疗科技股份有限公司,2024,2024-10-08,https://www1.hkexnews.hk/listedco/listconews/sehk/2024/0927/2024092700005.pdf,港股主板
09639,HKEX,荣利营造控股有限公司,2024,2024-10-09,https://www1.hkexnews.hk/listedco/listconews/sehk/2024/0927/2024092700031.pdf,港股主板
02567,HKEX,七牛智能科技股份有限公司,2024,2024-10-16,https://www1.hkexnews.hk/listedco/listconews/sehk/2024/0930/2024093000007.pdf,港股主板
02460,HKEX,华润饮料(控股)有限公司,2024,2024-10-23,https://www1.hkexnews.hk/listedco/listconews/sehk/2024/1015/2024101500007.pdf,港股主板
09660,HKEX,地平线机器人有限公司,2024,2024-10-24,https://www1.hkexnews.hk/listedco/listconews/sehk/2024/1016/2024101600009.pdf,港股主板
02465,HKEX,龙蟠科技股份有限公司,2024,2024-10-30,https://www1.hkexnews.hk/listedco/listconews/sehk/2024/1022/2024102200003.pdf,港股主板(A+H)
02582,HKEX,江苏国富氢能技术装备股份有限公司,2024,2024-11-15,https://www1.hkexnews.hk/listedco/listconews/sehk/2024/1107/2024110700003.pdf,港股主板
06936,HKEX,顺丰控股股份有限公司,2024,2024-11-27,https://www1.hkexnews.hk/listedco/listconews/sehk/2024/1119/2024111900003.pdf,港股主板(A+H)
02566,HKEX,九源基因股份有限公司,2024,2024-11-28,https://www1.hkexnews.hk/listedco/listconews/sehk/2024/1120/2024112000017.pdf,港股主板
02585,HKEX,梦金园黄金珠宝集团股份有限公司,2024,2024-11-29,https://www1.hkexnews.hk/listedco/listconews/sehk/2024/1121/2024112100003.pdf,港股主板
02586,HKEX,多点数智有限公司,2024,2024-12-06,https://www1.hkexnews.hk/listedco/listconews/sehk/2024/1128/2024112800007.pdf,港股主板
02570,HKEX,上海重塑能源集团股份有限公司,2024,2024-12-06,https://www1.hkexnews.hk/listedco/listconews/sehk/2024/1128/2024112800003.pdf,港股主板
01318,HKEX,毛戈平化妆品股份有限公司,2024,2024-12-10,https://www1.hkexnews.hk/listedco/listconews/sehk/2024/1202/2024120200003.pdf,港股主板
02593,HKEX,草姬集团控股有限公司,2024,2024-12-19,https://www1.hkexnews.hk/listedco/listconews/sehk/2024/1211/2024121100007.pdf,港股主板
02432,HKEX,深圳市越疆科技股份有限公司,2024,2024-12-23,https://www1.hkexnews.hk/listedco/listconews/sehk/2024/1213/2024121300027.pdf,港股主板
02431,HKEX,深圳佑驾创新科技股份有限公司,2024,2024-12-27,https://www1.hkexnews.hk/listedco/listconews/sehk/2024/1217/2024121700011.pdf,港股主板
02577,HKEX,英诺赛科(苏州)科技股份有限公司,2024,2024-12-30,https://www1.hkexnews.hk/listedco/listconews/sehk/2024/1218/2024121800013.pdf,港股主板
02506,HKEX,讯飞医疗科技股份有限公司,2024,2024-12-30,https://www1.hkexnews.hk/listedco/listconews/sehk/2024/1218/2024121800007.pdf,港股主板
02587,HKEX,健康之路股份有限公司,2024,2024-12-30,https://www1.hkexnews.hk/listedco/listconews/sehk/2024/1218/2024121800009.pdf,港股主板
00999,HKEX,小菜园国际控股有限公司,2025,2025-01-03,https://www1.hkexnews.hk/listedco/listconews/sehk/2024/1212/2024121200005.pdf,港股主板
06681,HKEX,脑动极光医疗科技股份有限公司,2025,2025-01-08,https://www1.hkexnews.hk/listedco/listconews/sehk/2024/1230/2024123000043.pdf,港股主板
02560,HKEX,安徽海螺材料科技股份有限公司,2025,2025-01-09,https://www1.hkexnews.hk/listedco/listconews/sehk/2024/1231/2024123100156.pdf,港股主板
02613,HKEX,汇舸环保科技集团有限公司,2025,2025-01-09,https://www1.hkexnews.hk/listedco/listconews/sehk/2024/1231/2024123100001.pdf,港股主板
02530,HKEX,纽曼思健康食品控股有限公司,2025,2025-01-10,https://www1.hkexnews.hk/listedco/listconews/sehk/2024/1230/2024123000003.pdf,港股主板
00325,HKEX,布鲁可集团有限公司,2025,2025-01-10,https://www1.hkexnews.hk/listedco/listconews/sehk/2024/1231/2024123100025.pdf,港股主板
00805,HKEX,新吉奥房车有限公司,2025,2025-01-13,https://www1.hkexnews.hk/listedco/listconews/sehk/2024/1231/2024123100007.pdf,港股主板
02596,HKEX,宜宾市商业银行股份有限公司,2025,2025-01-13,https://www1.hkexnews.hk/listedco/listconews/sehk/2024/1230/2024123000041.pdf,港股主板
02571,HKEX,北京赛目科技股份有限公司,2025,2025-01-15,https://www1.hkexnews.hk/listedco/listconews/sehk/2024/1231/2024123100023.pdf,港股主板
01364,HKEX,古茗控股有限公司,2025,2025-02-12,https://www1.hkexnews.hk/listedco/listconews/sehk/2025/0204/2025020400005.pdf,港股主板
02097,HKEX,蜜雪冰城股份有限公司,2025,2025-03-03,https://www1.hkexnews.hk/listedco/listconews/sehk/2025/0221/2025022100003.pdf,港股主板
06693,HKEX,赤峰吉隆黄金矿业股份有限公司,2025,2025-03-10,https://www1.hkexnews.hk/listedco/listconews/sehk/2025/0228/2025022800011.pdf,港股主板
02561,HKEX,维昇药业集团有限公司,2025,2025-03-21,https://www1.hkexnews.hk/listedco/listconews/sehk/2025/0313/2025031300005.pdf,港股主板
02610,HKEX,南山铝业国际控股有限公司,2025,2025-03-25,https://www1.hkexnews.hk/listedco/listconews/sehk/2025/0317/2025031700007.pdf,港股主板
02569,HKEX,舒宝国际集团有限公司,2025,2025-03-27,https://www1.hkexnews.hk/listedco/listconews/sehk/2025/0319/2025031900005.pdf,港股主板
02625,HKEX,江苏宏信超市连锁股份有限公司,2025,2025-03-31,https://www1.hkexnews.hk/listedco/listconews/sehk/2025/0321/2025032100003.pdf,港股主板
02589,HKEX,沪上阿姨(上海)实业股份有限公司,2025,2025-05-08,https://www1.hkexnews.hk/listedco/listconews/sehk/2025/0428/2025042800053.pdf,港股主板
03750,HKEX,宁德时代新能源科技股份有限公司,2025,2025-05-20,https://www1.hkexnews.hk/listedco/listconews/sehk/2025/0512/2025051200003.pdf,港股主板(A+H)
01276,HKEX,江苏恒瑞医药股份有限公司,2025,2025-05-23,https://www1.hkexnews.hk/listedco/listconews/sehk/2025/0515/2025051500005.pdf,港股主板(A+H)
03288,HKEX,佛山市海天调味食品股份有限公司,2025,2025-06-19,https://www1.hkexnews.hk/listedco/listconews/sehk/2025/0611/2025061100007.pdf,港股主板(A+H)
02050,HKEX,浙江三花智能控制股份有限公司,2025,2025-06-23,https://www1.hkexnews.hk/listedco/listconews/sehk/2025/0613/2025061300005.pdf,港股主板(A+H)
02508,HKEX,圣贝拉集团控股有限公司,2025,2025-06-26,https://www1.hkexnews.hk/listedco/listconews/sehk/2025/0618/2025061800121.pdf,港股主板
09973,HKEX,奇瑞汽车股份有限公司,2025,2025-09-25,https://www1.hkexnews.hk/listedco/listconews/sehk/2025/0917/2025091700003.pdf,港股主板
02259,HKEX,紫金矿业国际有限公司,2025,2025-09-30,https://www1.hkexnews.hk/listedco/listconews/sehk/2025/0919/2025091900011.pdf,港股主板
06031,HKEX,三一重工股份有限公司,2025,2025-10-28,https://www1.hkexnews.hk/listedco/listconews/sehk/2025/1020/2025102000001.pdf,港股主板(A+H)
09927,HKEX,赛力斯集团股份有限公司,2025,2025-11-05,https://www1.hkexnews.hk/listedco/listconews/sehk/2025/1027/2025102700057.pdf,港股主板(A+H)
07618,HKEX,京东工业股份有限公司,2025,2025-12-11,https://www1.hkexnews.hk/listedco/listconews/sehk/2025/1203/2025120300007.pdf,港股主板
